[0.000000] (-) TimerEvent: {}
[0.000183] (ur_description) JobQueued: {'identifier': 'ur_description', 'dependencies': OrderedDict()}
[0.000216] (cone_inspection) JobQueued: {'identifier': 'cone_inspection', 'dependencies': OrderedDict([('ur_description', '/home/liv/argos_ws/install/ur_description')])}
[0.000408] (ur_simulation_gazebo) JobQueued: {'identifier': 'ur_simulation_gazebo', 'dependencies': OrderedDict([('ur_description', '/home/liv/argos_ws/install/ur_description')])}
[0.000458] (ur_simulation_gz) JobQueued: {'identifier': 'ur_simulation_gz', 'dependencies': OrderedDict([('ur_description', '/home/liv/argos_ws/install/ur_description')])}
[0.000487] (ur_description) JobStarted: {'identifier': 'ur_description'}
[0.008205] (ur_description) JobProgress: {'identifier': 'ur_description', 'progress': 'cmake'}
[0.010332] (ur_description) Command: {'cmd': ['/usr/bin/cmake', '/home/liv/argos_ws/src/Universal_Robots_ROS2_Description', '-DAMENT_CMAKE_SYMLINK_INSTALL=1', '-DCMAKE_INSTALL_PREFIX=/home/liv/argos_ws/install/ur_description'], 'cwd': '/home/liv/argos_ws/build/ur_description', 'env': OrderedDict([('LESSOPEN', '| /usr/bin/lesspipe %s'), ('LANGUAGE', 'en_AU:en'), ('USER', 'liv'), ('XDG_SESSION_TYPE', 'x11'), ('SHLVL', '1'), ('LD_LIBRARY_PATH', '/opt/ros/humble/opt/rviz_ogre_vendor/lib:/opt/ros/humble/lib/x86_64-linux-gnu:/opt/ros/humble/lib'), ('HELIOS_MODELS', '/home/liv/rob1/helios_ws/src/helios_src/models'), ('HOME', '/home/liv'), ('OLDPWD', '/home/liv/argos_ws/src'), ('DESKTOP_SESSION', 'ubuntu-xorg'), ('ROS_PYTHON_VERSION', '3'), ('GNOME_SHELL_SESSION_MODE', 'ubuntu'), ('GTK_MODULES', 'gail:atk-bridge'), ('SYSTEMD_EXEC_PID', '2131'), ('DBUS_SESSION_BUS_ADDRESS', 'unix:path=/run/user/1000/bus'), ('COLORTERM', 'truecolor'), ('COLCON_PREFIX_PATH', '/home/liv/helios_ws/install:/home/liv/41068_ws/install'), ('ROS_DISTRO', 'humble'), ('GTK_IM_MODULE', 'ibus'), ('LOGNAME', 'liv'), ('IGN_GUI_PLUGIN_PATH', '/usr/lib/x86_64-linux-gnu/ign-gui-6/plugins:'), ('_', '/usr/bin/colcon'), ('ROS_VERSION', '2'), ('XDG_SESSION_CLASS', 'user'), ('USERNAME', 'liv'), ('TERM', 'xterm-256color'), ('GNOME_DESKTOP_SESSION_ID', 'this-is-deprecated'), ('ROS_LOCALHOST_ONLY', '1'), ('WINDOWPATH', '2'), ('PATH', '/opt/ros/humble/bin:/home/liv/.local/bin:/usr/local/sbin:/usr/local/bin:/usr/sbin:/usr/bin:/sbin:/bin:/usr/games:/usr/local/games:/snap/bin:/snap/bin'), ('SESSION_MANAGER', 'local/raspberry:@/tmp/.ICE-unix/2104,unix/raspberry:/tmp/.ICE-unix/2104'), ('XDG_MENU_PREFIX', 'gnome-'), ('GNOME_TERMINAL_SCREEN', '/org/gnome/Terminal/screen/4fc54a38_95ef_47da_a48e_b1e0cf73b975'), ('XDG_RUNTIME_DIR', '/run/user/1000'), ('DISPLAY', ':0'), ('LANG', 'en_US.UTF-8'), ('XDG_CURRENT_DESKTOP', 'ubuntu:GNOME'), ('XMODIFIERS', '@im=ibus'), ('XDG_SESSION_DESKTOP', 'ubuntu-xorg'), ('XAUTHORITY', '/run/user/1000/gdm/Xauthority'), ('LS_COLORS', 'rs=0:di=01;34:ln=01;36:mh=00:pi=40;33:so=01;35:do=01;35:bd=40;33;01:cd=40;33;01:or=40;31;01:mi=00:su=37;41:sg=30;43:ca=30;41:tw=30;42:ow=34;42:st=37;44:ex=01;32:*.tar=01;31:*.tgz=01;31:*.arc=01;31:*.arj=01;31:*.taz=01;31:*.lha=01;31:*.lz4=01;31:*.lzh=01;31:*.lzma=01;31:*.tlz=01;31:*.txz=01;31:*.tzo=01;31:*.t7z=01;31:*.zip=01;31:*.z=01;31:*.dz=01;31:*.gz=01;31:*.lrz=01;31:*.lz=01;31:*.lzo=01;31:*.xz=01;31:*.zst=01;31:*.tzst=01;31:*.bz2=01;31:*.bz=01;31:*.tbz=01;31:*.tbz2=01;31:*.tz=01;31:*.deb=01;31:*.rpm=01;31:*.jar=01;31:*.war=01;31:*.ear=01;31:*.sar=01;31:*.rar=01;31:*.alz=01;31:*.ace=01;31:*.zoo=01;31:*.cpio=01;31:*.7z=01;31:*.rz=01;31:*.cab=01;31:*.wim=01;31:*.swm=01;31:*.dwm=01;31:*.esd=01;31:*.jpg=01;35:*.jpeg=01;35:*.mjpg=01;35:*.mjpeg=01;35:*.gif=01;35:*.bmp=01;35:*.pbm=01;35:*.pgm=01;35:*.ppm=01;35:*.tga=01;35:*.xbm=01;35:*.xpm=01;35:*.tif=01;35:*.tiff=01;35:*.png=01;35:*.svg=01;35:*.svgz=01;35:*.mng=01;35:*.pcx=01;35:*.mov=01;35:*.mpg=01;35:*.mpeg=01;35:*.m2v=01;35:*.mkv=01;35:*.webm=01;35:*.webp=01;35:*.ogm=01;35:*.mp4=01;35:*.m4v=01;35:*.mp4v=01;35:*.vob=01;35:*.qt=01;35:*.nuv=01;35:*.wmv=01;35:*.asf=01;35:*.rm=01;35:*.rmvb=01;35:*.flc=01;35:*.avi=01;35:*.fli=01;35:*.flv=01;35:*.gl=01;35:*.dl=01;35:*.xcf=01;35:*.xwd=01;35:*.yuv=01;35:*.cgm=01;35:*.emf=01;35:*.ogv=01;35:*.ogx=01;35:*.aac=00;36:*.au=00;36:*.flac=00;36:*.m4a=00;36:*.mid=00;36:*.midi=00;36:*.mka=00;36:*.mp3=00;36:*.mpc=00;36:*.ogg=00;36:*.ra=00;36:*.wav=00;36:*.oga=00;36:*.opus=00;36:*.spx=00;36:*.xspf=00;36:'), ('GNOME_TERMINAL_SERVICE', ':1.94'), ('SSH_AGENT_LAUNCHER', 'gnome-keyring'), ('SSH_AUTH_SOCK', '/run/user/1000/keyring/ssh'), ('AMENT_PREFIX_PATH', '/home/liv/helios_ws/install/fire_sim:/home/liv/helios_ws/install/fire_sensors:/home/liv/helios_ws/install/fire_satellite:/home/liv/helios_ws/install/fire_drone:/home/liv/helios_ws/install/fire_autonomy:/home/liv/helios_ws/install/41068_ignition_bringup:/home/liv/41068_ws/install/41068_ignition_bringup:/opt/ros/humble'), ('SHELL', '/bin/bash'), ('QT_ACCESSIBILITY', '1'), ('GDMSESSION', 'ubuntu-xorg'), ('LESSCLOSE', '/usr/bin/lesspipe %s %s'), ('IGN_GAZEBO_RESOURCE_PATH', '/home/liv/rob1/helios_ws/src/helios_src/models:'), ('GPG_AGENT_INFO', '/run/user/1000/gnupg/S.gpg-agent:0:1'), ('QT_IM_MODULE', 'ibus'), ('PWD', '/home/liv/argos_ws/build/ur_description'), ('LC_ALL', 'en_US.UTF-8'), ('XDG_CONFIG_DIRS', '/etc/xdg/xdg-ubuntu-xorg:/etc/xdg'), ('XDG_DATA_DIRS', '/usr/share/ubuntu-xorg:/usr/share/gnome:/usr/local/share/:/usr/share/:/var/lib/snapd/desktop'), ('PYTHONPATH', '/home/liv/helios_ws/install/fire_sim/lib/python3.10/site-packages:/opt/ros/humble/lib/python3.10/site-packages:/opt/ros/humble/local/lib/python3.10/dist-packages'), ('COLCON', '1'), ('VTE_VERSION', '6800'), ('CMAKE_PREFIX_PATH', '/home/liv/helios_ws/install/fire_sensors:/home/liv/helios_ws/install/fire_satellite:/home/liv/helios_ws/install/fire_drone:/home/liv/helios_ws/install/fire_autonomy:/home/liv/helios_ws/install/41068_ignition_bringup:/home/liv/41068_ws/install/41068_ignition_bringup:/home/liv/helios_ws/install/fire_sim:/opt/ros/humble')]), 'shell': False}
[0.022711] (ur_description) StdoutLine: {'line': b'-- Found ament_cmake: 1.3.14 (/opt/ros/humble/share/ament_cmake/cmake)\n'}
[0.092002] (ur_description) StdoutLine: {'line': b'-- Override CMake install command with custom implementation using symlinks instead of copying resources\n'}
[0.098348] (ur_description) StdoutLine: {'line': b'-- Found ament_cmake_pytest: 1.3.14 (/opt/ros/humble/share/ament_cmake_pytest/cmake)\n'}
[0.099343] (-) TimerEvent: {}
[0.199640] (-) TimerEvent: {}
[0.299941] (-) TimerEvent: {}
[0.400279] (-) TimerEvent: {}
[0.436335] (ur_description) StdoutLine: {'line': b'-- Configuring done\n'}
[0.438915] (ur_description) StdoutLine: {'line': b'-- Generating done\n'}
[0.439923] (ur_description) StdoutLine: {'line': b'-- Build files have been written to: /home/liv/argos_ws/build/ur_description\n'}
[0.441572] (ur_description) CommandEnded: {'returncode': 0}
[0.442784] (ur_description) JobProgress: {'identifier': 'ur_description', 'progress': 'build'}
[0.443652] (ur_description) Command: {'cmd': ['/usr/bin/cmake', '--build', '/home/liv/argos_ws/build/ur_description', '--', '-j24', '-l24'], 'cwd': '/home/liv/argos_ws/build/ur_description', 'env': OrderedDict([('LESSOPEN', '| /usr/bin/lesspipe %s'), ('LANGUAGE', 'en_AU:en'), ('USER', 'liv'), ('XDG_SESSION_TYPE', 'x11'), ('SHLVL', '1'), ('LD_LIBRARY_PATH', '/opt/ros/humble/opt/rviz_ogre_vendor/lib:/opt/ros/humble/lib/x86_64-linux-gnu:/opt/ros/humble/lib'), ('HELIOS_MODELS', '/home/liv/rob1/helios_ws/src/helios_src/models'), ('HOME', '/home/liv'), ('OLDPWD', '/home/liv/argos_ws/src'), ('DESKTOP_SESSION', 'ubuntu-xorg'), ('ROS_PYTHON_VERSION', '3'), ('GNOME_SHELL_SESSION_MODE', 'ubuntu'), ('GTK_MODULES', 'gail:atk-bridge'), ('SYSTEMD_EXEC_PID', '2131'), ('DBUS_SESSION_BUS_ADDRESS', 'unix:path=/run/user/1000/bus'), ('COLORTERM', 'truecolor'), ('COLCON_PREFIX_PATH', '/home/liv/helios_ws/install:/home/liv/41068_ws/install'), ('ROS_DISTRO', 'humble'), ('GTK_IM_MODULE', 'ibus'), ('LOGNAME', 'liv'), ('IGN_GUI_PLUGIN_PATH', '/usr/lib/x86_64-linux-gnu/ign-gui-6/plugins:'), ('_', '/usr/bin/colcon'), ('ROS_VERSION', '2'), ('XDG_SESSION_CLASS', 'user'), ('USERNAME', 'liv'), ('TERM', 'xterm-256color'), ('GNOME_DESKTOP_SESSION_ID', 'this-is-deprecated'), ('ROS_LOCALHOST_ONLY', '1'), ('WINDOWPATH', '2'), ('PATH', '/opt/ros/humble/bin:/home/liv/.local/bin:/usr/local/sbin:/usr/local/bin:/usr/sbin:/usr/bin:/sbin:/bin:/usr/games:/usr/local/games:/snap/bin:/snap/bin'), ('SESSION_MANAGER', 'local/raspberry:@/tmp/.ICE-unix/2104,unix/raspberry:/tmp/.ICE-unix/2104'), ('XDG_MENU_PREFIX', 'gnome-'), ('GNOME_TERMINAL_SCREEN', '/org/gnome/Terminal/screen/4fc54a38_95ef_47da_a48e_b1e0cf73b975'), ('XDG_RUNTIME_DIR', '/run/user/1000'), ('DISPLAY', ':0'), ('LANG', 'en_US.UTF-8'), ('XDG_CURRENT_DESKTOP', 'ubuntu:GNOME'), ('XMODIFIERS', '@im=ibus'), ('XDG_SESSION_DESKTOP', 'ubuntu-xorg'), ('XAUTHORITY', '/run/user/1000/gdm/Xauthority'), ('LS_COLORS', 'rs=0:di=01;34:ln=01;36:mh=00:pi=40;33:so=01;35:do=01;35:bd=40;33;01:cd=40;33;01:or=40;31;01:mi=00:su=37;41:sg=30;43:ca=30;41:tw=30;42:ow=34;42:st=37;44:ex=01;32:*.tar=01;31:*.tgz=01;31:*.arc=01;31:*.arj=01;31:*.taz=01;31:*.lha=01;31:*.lz4=01;31:*.lzh=01;31:*.lzma=01;31:*.tlz=01;31:*.txz=01;31:*.tzo=01;31:*.t7z=01;31:*.zip=01;31:*.z=01;31:*.dz=01;31:*.gz=01;31:*.lrz=01;31:*.lz=01;31:*.lzo=01;31:*.xz=01;31:*.zst=01;31:*.tzst=01;31:*.bz2=01;31:*.bz=01;31:*.tbz=01;31:*.tbz2=01;31:*.tz=01;31:*.deb=01;31:*.rpm=01;31:*.jar=01;31:*.war=01;31:*.ear=01;31:*.sar=01;31:*.rar=01;31:*.alz=01;31:*.ace=01;31:*.zoo=01;31:*.cpio=01;31:*.7z=01;31:*.rz=01;31:*.cab=01;31:*.wim=01;31:*.swm=01;31:*.dwm=01;31:*.esd=01;31:*.jpg=01;35:*.jpeg=01;35:*.mjpg=01;35:*.mjpeg=01;35:*.gif=01;35:*.bmp=01;35:*.pbm=01;35:*.pgm=01;35:*.ppm=01;35:*.tga=01;35:*.xbm=01;35:*.xpm=01;35:*.tif=01;35:*.tiff=01;35:*.png=01;35:*.svg=01;35:*.svgz=01;35:*.mng=01;35:*.pcx=01;35:*.mov=01;35:*.mpg=01;35:*.mpeg=01;35:*.m2v=01;35:*.mkv=01;35:*.webm=01;35:*.webp=01;35:*.ogm=01;35:*.mp4=01;35:*.m4v=01;35:*.mp4v=01;35:*.vob=01;35:*.qt=01;35:*.nuv=01;35:*.wmv=01;35:*.asf=01;35:*.rm=01;35:*.rmvb=01;35:*.flc=01;35:*.avi=01;35:*.fli=01;35:*.flv=01;35:*.gl=01;35:*.dl=01;35:*.xcf=01;35:*.xwd=01;35:*.yuv=01;35:*.cgm=01;35:*.emf=01;35:*.ogv=01;35:*.ogx=01;35:*.aac=00;36:*.au=00;36:*.flac=00;36:*.m4a=00;36:*.mid=00;36:*.midi=00;36:*.mka=00;36:*.mp3=00;36:*.mpc=00;36:*.ogg=00;36:*.ra=00;36:*.wav=00;36:*.oga=00;36:*.opus=00;36:*.spx=00;36:*.xspf=00;36:'), ('GNOME_TERMINAL_SERVICE', ':1.94'), ('SSH_AGENT_LAUNCHER', 'gnome-keyring'), ('SSH_AUTH_SOCK', '/run/user/1000/keyring/ssh'), ('AMENT_PREFIX_PATH', '/home/liv/helios_ws/install/fire_sim:/home/liv/helios_ws/install/fire_sensors:/home/liv/helios_ws/install/fire_satellite:/home/liv/helios_ws/install/fire_drone:/home/liv/helios_ws/install/fire_autonomy:/home/liv/helios_ws/install/41068_ignition_bringup:/home/liv/41068_ws/install/41068_ignition_bringup:/opt/ros/humble'), ('SHELL', '/bin/bash'), ('QT_ACCESSIBILITY', '1'), ('GDMSESSION', 'ubuntu-xorg'), ('LESSCLOSE', '/usr/bin/lesspipe %s %s'), ('IGN_GAZEBO_RESOURCE_PATH', '/home/liv/rob1/helios_ws/src/helios_src/models:'), ('GPG_AGENT_INFO', '/run/user/1000/gnupg/S.gpg-agent:0:1'), ('QT_IM_MODULE', 'ibus'), ('PWD', '/home/liv/argos_ws/build/ur_description'), ('LC_ALL', 'en_US.UTF-8'), ('XDG_CONFIG_DIRS', '/etc/xdg/xdg-ubuntu-xorg:/etc/xdg'), ('XDG_DATA_DIRS', '/usr/share/ubuntu-xorg:/usr/share/gnome:/usr/local/share/:/usr/share/:/var/lib/snapd/desktop'), ('PYTHONPATH', '/home/liv/helios_ws/install/fire_sim/lib/python3.10/site-packages:/opt/ros/humble/lib/python3.10/site-packages:/opt/ros/humble/local/lib/python3.10/dist-packages'), ('COLCON', '1'), ('VTE_VERSION', '6800'), ('CMAKE_PREFIX_PATH', '/home/liv/helios_ws/install/fire_sensors:/home/liv/helios_ws/install/fire_satellite:/home/liv/helios_ws/install/fire_drone:/home/liv/helios_ws/install/fire_autonomy:/home/liv/helios_ws/install/41068_ignition_bringup:/home/liv/41068_ws/install/41068_ignition_bringup:/home/liv/helios_ws/install/fire_sim:/opt/ros/humble')]), 'shell': False}
[0.470397] (ur_description) CommandEnded: {'returncode': 0}
[0.471414] (ur_description) JobProgress: {'identifier': 'ur_description', 'progress': 'install'}
[0.478182] (ur_description) Command: {'cmd': ['/usr/bin/cmake', '--install', '/home/liv/argos_ws/build/ur_description'], 'cwd': '/home/liv/argos_ws/build/ur_description', 'env': OrderedDict([('LESSOPEN', '| /usr/bin/lesspipe %s'), ('LANGUAGE', 'en_AU:en'), ('USER', 'liv'), ('XDG_SESSION_TYPE', 'x11'), ('SHLVL', '1'), ('LD_LIBRARY_PATH', '/opt/ros/humble/opt/rviz_ogre_vendor/lib:/opt/ros/humble/lib/x86_64-linux-gnu:/opt/ros/humble/lib'), ('HELIOS_MODELS', '/home/liv/rob1/helios_ws/src/helios_src/models'), ('HOME', '/home/liv'), ('OLDPWD', '/home/liv/argos_ws/src'), ('DESKTOP_SESSION', 'ubuntu-xorg'), ('ROS_PYTHON_VERSION', '3'), ('GNOME_SHELL_SESSION_MODE', 'ubuntu'), ('GTK_MODULES', 'gail:atk-bridge'), ('SYSTEMD_EXEC_PID', '2131'), ('DBUS_SESSION_BUS_ADDRESS', 'unix:path=/run/user/1000/bus'), ('COLORTERM', 'truecolor'), ('COLCON_PREFIX_PATH', '/home/liv/helios_ws/install:/home/liv/41068_ws/install'), ('ROS_DISTRO', 'humble'), ('GTK_IM_MODULE', 'ibus'), ('LOGNAME', 'liv'), ('IGN_GUI_PLUGIN_PATH', '/usr/lib/x86_64-linux-gnu/ign-gui-6/plugins:'), ('_', '/usr/bin/colcon'), ('ROS_VERSION', '2'), ('XDG_SESSION_CLASS', 'user'), ('USERNAME', 'liv'), ('TERM', 'xterm-256color'), ('GNOME_DESKTOP_SESSION_ID', 'this-is-deprecated'), ('ROS_LOCALHOST_ONLY', '1'), ('WINDOWPATH', '2'), ('PATH', '/opt/ros/humble/bin:/home/liv/.local/bin:/usr/local/sbin:/usr/local/bin:/usr/sbin:/usr/bin:/sbin:/bin:/usr/games:/usr/local/games:/snap/bin:/snap/bin'), ('SESSION_MANAGER', 'local/raspberry:@/tmp/.ICE-unix/2104,unix/raspberry:/tmp/.ICE-unix/2104'), ('XDG_MENU_PREFIX', 'gnome-'), ('GNOME_TERMINAL_SCREEN', '/org/gnome/Terminal/screen/4fc54a38_95ef_47da_a48e_b1e0cf73b975'), ('XDG_RUNTIME_DIR', '/run/user/1000'), ('DISPLAY', ':0'), ('LANG', 'en_US.UTF-8'), ('XDG_CURRENT_DESKTOP', 'ubuntu:GNOME'), ('XMODIFIERS', '@im=ibus'), ('XDG_SESSION_DESKTOP', 'ubuntu-xorg'), ('XAUTHORITY', '/run/user/1000/gdm/Xauthority'), ('LS_COLORS', 'rs=0:di=01;34:ln=01;36:mh=00:pi=40;33:so=01;35:do=01;35:bd=40;33;01:cd=40;33;01:or=40;31;01:mi=00:su=37;41:sg=30;43:ca=30;41:tw=30;42:ow=34;42:st=37;44:ex=01;32:*.tar=01;31:*.tgz=01;31:*.arc=01;31:*.arj=01;31:*.taz=01;31:*.lha=01;31:*.lz4=01;31:*.lzh=01;31:*.lzma=01;31:*.tlz=01;31:*.txz=01;31:*.tzo=01;31:*.t7z=01;31:*.zip=01;31:*.z=01;31:*.dz=01;31:*.gz=01;31:*.lrz=01;31:*.lz=01;31:*.lzo=01;31:*.xz=01;31:*.zst=01;31:*.tzst=01;31:*.bz2=01;31:*.bz=01;31:*.tbz=01;31:*.tbz2=01;31:*.tz=01;31:*.deb=01;31:*.rpm=01;31:*.jar=01;31:*.war=01;31:*.ear=01;31:*.sar=01;31:*.rar=01;31:*.alz=01;31:*.ace=01;31:*.zoo=01;31:*.cpio=01;31:*.7z=01;31:*.rz=01;31:*.cab=01;31:*.wim=01;31:*.swm=01;31:*.dwm=01;31:*.esd=01;31:*.jpg=01;35:*.jpeg=01;35:*.mjpg=01;35:*.mjpeg=01;35:*.gif=01;35:*.bmp=01;35:*.pbm=01;35:*.pgm=01;35:*.ppm=01;35:*.tga=01;35:*.xbm=01;35:*.xpm=01;35:*.tif=01;35:*.tiff=01;35:*.png=01;35:*.svg=01;35:*.svgz=01;35:*.mng=01;35:*.pcx=01;35:*.mov=01;35:*.mpg=01;35:*.mpeg=01;35:*.m2v=01;35:*.mkv=01;35:*.webm=01;35:*.webp=01;35:*.ogm=01;35:*.mp4=01;35:*.m4v=01;35:*.mp4v=01;35:*.vob=01;35:*.qt=01;35:*.nuv=01;35:*.wmv=01;35:*.asf=01;35:*.rm=01;35:*.rmvb=01;35:*.flc=01;35:*.avi=01;35:*.fli=01;35:*.flv=01;35:*.gl=01;35:*.dl=01;35:*.xcf=01;35:*.xwd=01;35:*.yuv=01;35:*.cgm=01;35:*.emf=01;35:*.ogv=01;35:*.ogx=01;35:*.aac=00;36:*.au=00;36:*.flac=00;36:*.m4a=00;36:*.mid=00;36:*.midi=00;36:*.mka=00;36:*.mp3=00;36:*.mpc=00;36:*.ogg=00;36:*.ra=00;36:*.wav=00;36:*.oga=00;36:*.opus=00;36:*.spx=00;36:*.xspf=00;36:'), ('GNOME_TERMINAL_SERVICE', ':1.94'), ('SSH_AGENT_LAUNCHER', 'gnome-keyring'), ('SSH_AUTH_SOCK', '/run/user/1000/keyring/ssh'), ('AMENT_PREFIX_PATH', '/home/liv/helios_ws/install/fire_sim:/home/liv/helios_ws/install/fire_sensors:/home/liv/helios_ws/install/fire_satellite:/home/liv/helios_ws/install/fire_drone:/home/liv/helios_ws/install/fire_autonomy:/home/liv/helios_ws/install/41068_ignition_bringup:/home/liv/41068_ws/install/41068_ignition_bringup:/opt/ros/humble'), ('SHELL', '/bin/bash'), ('QT_ACCESSIBILITY', '1'), ('GDMSESSION', 'ubuntu-xorg'), ('LESSCLOSE', '/usr/bin/lesspipe %s %s'), ('IGN_GAZEBO_RESOURCE_PATH', '/home/liv/rob1/helios_ws/src/helios_src/models:'), ('GPG_AGENT_INFO', '/run/user/1000/gnupg/S.gpg-agent:0:1'), ('QT_IM_MODULE', 'ibus'), ('PWD', '/home/liv/argos_ws/build/ur_description'), ('LC_ALL', 'en_US.UTF-8'), ('XDG_CONFIG_DIRS', '/etc/xdg/xdg-ubuntu-xorg:/etc/xdg'), ('XDG_DATA_DIRS', '/usr/share/ubuntu-xorg:/usr/share/gnome:/usr/local/share/:/usr/share/:/var/lib/snapd/desktop'), ('PYTHONPATH', '/home/liv/helios_ws/install/fire_sim/lib/python3.10/site-packages:/opt/ros/humble/lib/python3.10/site-packages:/opt/ros/humble/local/lib/python3.10/dist-packages'), ('COLCON', '1'), ('VTE_VERSION', '6800'), ('CMAKE_PREFIX_PATH', '/home/liv/helios_ws/install/fire_sensors:/home/liv/helios_ws/install/fire_satellite:/home/liv/helios_ws/install/fire_drone:/home/liv/helios_ws/install/fire_autonomy:/home/liv/helios_ws/install/41068_ignition_bringup:/home/liv/41068_ws/install/41068_ignition_bringup:/home/liv/helios_ws/install/fire_sim:/opt/ros/humble')]), 'shell': False}
[0.482315] (ur_description) StdoutLine: {'line': b'-- Install configuration: ""\n'}
[0.482486] (ur_description) StdoutLine: {'line': b'-- Execute custom install script\n'}
[0.483219] (ur_description) StdoutLine: {'line': b'-- Up-to-date symlink: /home/liv/argos_ws/install/ur_description/share/ur_description/config/initial_positions.yaml\n'}
[0.483483] (ur_description) StdoutLine: {'line': b'-- Up-to-date symlink: /home/liv/argos_ws/install/ur_description/share/ur_description/config/ur10/default_kinematics.yaml\n'}
[0.483578] (ur_description) StdoutLine: {'line': b'-- Up-to-date symlink: /home/liv/argos_ws/install/ur_description/share/ur_description/config/ur10/joint_limits.yaml\n'}
[0.483662] (ur_description) StdoutLine: {'line': b'-- Up-to-date symlink: /home/liv/argos_ws/install/ur_description/share/ur_description/config/ur10/physical_parameters.yaml\n'}
[0.483732] (ur_description) StdoutLine: {'line': b'-- Up-to-date symlink: /home/liv/argos_ws/install/ur_description/share/ur_description/config/ur10/visual_parameters.yaml\n'}
[0.484024] (ur_description) StdoutLine: {'line': b'-- Up-to-date symlink: /home/liv/argos_ws/install/ur_description/share/ur_description/config/ur10e/default_kinematics.yaml\n'}
[0.484162] (ur_description) StdoutLine: {'line': b'-- Up-to-date symlink: /home/liv/argos_ws/install/ur_description/share/ur_description/config/ur10e/joint_limits.yaml\n'}
[0.484280] (ur_description) StdoutLine: {'line': b'-- Up-to-date symlink: /home/liv/argos_ws/install/ur_description/share/ur_description/config/ur10e/physical_parameters.yaml\n'}
[0.484619] (ur_description) StdoutLine: {'line': b'-- Up-to-date symlink: /home/liv/argos_ws/install/ur_description/share/ur_description/config/ur10e/visual_parameters.yaml\n'}
[0.484666] (ur_description) StdoutLine: {'line': b'-- Up-to-date symlink: /home/liv/argos_ws/install/ur_description/share/ur_description/config/ur12e/default_kinematics.yaml\n'}
[0.484704] (ur_description) StdoutLine: {'line': b'-- Up-to-date symlink: /home/liv/argos_ws/install/ur_description/share/ur_description/config/ur12e/joint_limits.yaml\n'}
[0.484738] (ur_description) StdoutLine: {'line': b'-- Up-to-date symlink: /home/liv/argos_ws/install/ur_description/share/ur_description/config/ur12e/physical_parameters.yaml\n'}
[0.484773] (ur_description) StdoutLine: {'line': b'-- Up-to-date symlink: /home/liv/argos_ws/install/ur_description/share/ur_description/config/ur12e/visual_parameters.yaml\n'}
[0.484807] (ur_description) StdoutLine: {'line': b'-- Up-to-date symlink: /home/liv/argos_ws/install/ur_description/share/ur_description/config/ur15/default_kinematics.yaml\n'}
[0.485130] (ur_description) StdoutLine: {'line': b'-- Up-to-date symlink: /home/liv/argos_ws/install/ur_description/share/ur_description/config/ur15/joint_limits.yaml\n'}
[0.485186] (ur_description) StdoutLine: {'line': b'-- Up-to-date symlink: /home/liv/argos_ws/install/ur_description/share/ur_description/config/ur15/physical_parameters.yaml\n'}
[0.485224] (ur_description) StdoutLine: {'line': b'-- Up-to-date symlink: /home/liv/argos_ws/install/ur_description/share/ur_description/config/ur15/visual_parameters.yaml\n'}
[0.485284] (ur_description) StdoutLine: {'line': b'-- Up-to-date symlink: /home/liv/argos_ws/install/ur_description/share/ur_description/config/ur16e/default_kinematics.yaml\n'}
[0.485324] (ur_description) StdoutLine: {'line': b'-- Up-to-date symlink: /home/liv/argos_ws/install/ur_description/share/ur_description/config/ur16e/joint_limits.yaml\n'}
[0.485358] (ur_description) StdoutLine: {'line': b'-- Up-to-date symlink: /home/liv/argos_ws/install/ur_description/share/ur_description/config/ur16e/physical_parameters.yaml\n'}
[0.485391] (ur_description) StdoutLine: {'line': b'-- Up-to-date symlink: /home/liv/argos_ws/install/ur_description/share/ur_description/config/ur16e/visual_parameters.yaml\n'}
[0.485424] (ur_description) StdoutLine: {'line': b'-- Up-to-date symlink: /home/liv/argos_ws/install/ur_description/share/ur_description/config/ur18/default_kinematics.yaml\n'}
[0.485457] (ur_description) StdoutLine: {'line': b'-- Up-to-date symlink: /home/liv/argos_ws/install/ur_description/share/ur_description/config/ur18/joint_limits.yaml\n'}
[0.485490] (ur_description) StdoutLine: {'line': b'-- Up-to-date symlink: /home/liv/argos_ws/install/ur_description/share/ur_description/config/ur18/physical_parameters.yaml\n'}
[0.485523] (ur_description) StdoutLine: {'line': b'-- Up-to-date symlink: /home/liv/argos_ws/install/ur_description/share/ur_description/config/ur18/visual_parameters.yaml\n'}
[0.485555] (ur_description) StdoutLine: {'line': b'-- Up-to-date symlink: /home/liv/argos_ws/install/ur_description/share/ur_description/config/ur20/default_kinematics.yaml\n'}
[0.485588] (ur_description) StdoutLine: {'line': b'-- Up-to-date symlink: /home/liv/argos_ws/install/ur_description/share/ur_description/config/ur20/joint_limits.yaml\n'}
[0.485620] (ur_description) StdoutLine: {'line': b'-- Up-to-date symlink: /home/liv/argos_ws/install/ur_description/share/ur_description/config/ur20/physical_parameters.yaml\n'}
[0.485653] (ur_description) StdoutLine: {'line': b'-- Up-to-date symlink: /home/liv/argos_ws/install/ur_description/share/ur_description/config/ur20/visual_parameters.yaml\n'}
[0.485685] (ur_description) StdoutLine: {'line': b'-- Up-to-date symlink: /home/liv/argos_ws/install/ur_description/share/ur_description/config/ur3/default_kinematics.yaml\n'}
[0.485716] (ur_description) StdoutLine: {'line': b'-- Up-to-date symlink: /home/liv/argos_ws/install/ur_description/share/ur_description/config/ur3/joint_limits.yaml\n'}
[0.485778] (ur_description) StdoutLine: {'line': b'-- Up-to-date symlink: /home/liv/argos_ws/install/ur_description/share/ur_description/config/ur3/physical_parameters.yaml\n'}
[0.485808] (ur_description) StdoutLine: {'line': b'-- Up-to-date symlink: /home/liv/argos_ws/install/ur_description/share/ur_description/config/ur3/visual_parameters.yaml\n'}
[0.485844] (ur_description) StdoutLine: {'line': b'-- Up-to-date symlink: /home/liv/argos_ws/install/ur_description/share/ur_description/config/ur30/default_kinematics.yaml\n'}
[0.485875] (ur_description) StdoutLine: {'line': b'-- Up-to-date symlink: /home/liv/argos_ws/install/ur_description/share/ur_description/config/ur30/joint_limits.yaml\n'}
[0.485904] (ur_description) StdoutLine: {'line': b'-- Up-to-date symlink: /home/liv/argos_ws/install/ur_description/share/ur_description/config/ur30/physical_parameters.yaml\n'}
[0.485934] (ur_description) StdoutLine: {'line': b'-- Up-to-date symlink: /home/liv/argos_ws/install/ur_description/share/ur_description/config/ur30/visual_parameters.yaml\n'}
[0.485965] (ur_description) StdoutLine: {'line': b'-- Up-to-date symlink: /home/liv/argos_ws/install/ur_description/share/ur_description/config/ur3e/default_kinematics.yaml\n'}
[0.485997] (ur_description) StdoutLine: {'line': b'-- Up-to-date symlink: /home/liv/argos_ws/install/ur_description/share/ur_description/config/ur3e/joint_limits.yaml\n'}
[0.486025] (ur_description) StdoutLine: {'line': b'-- Up-to-date symlink: /home/liv/argos_ws/install/ur_description/share/ur_description/config/ur3e/physical_parameters.yaml\n'}
[0.486055] (ur_description) StdoutLine: {'line': b'-- Up-to-date symlink: /home/liv/argos_ws/install/ur_description/share/ur_description/config/ur3e/visual_parameters.yaml\n'}
[0.486087] (ur_description) StdoutLine: {'line': b'-- Up-to-date symlink: /home/liv/argos_ws/install/ur_description/share/ur_description/config/ur5/default_kinematics.yaml\n'}
[0.486116] (ur_description) StdoutLine: {'line': b'-- Up-to-date symlink: /home/liv/argos_ws/install/ur_description/share/ur_description/config/ur5/joint_limits.yaml\n'}
[0.486146] (ur_description) StdoutLine: {'line': b'-- Up-to-date symlink: /home/liv/argos_ws/install/ur_description/share/ur_description/config/ur5/physical_parameters.yaml\n'}
[0.486176] (ur_description) StdoutLine: {'line': b'-- Up-to-date symlink: /home/liv/argos_ws/install/ur_description/share/ur_description/config/ur5/visual_parameters.yaml\n'}
[0.486202] (ur_description) StdoutLine: {'line': b'-- Up-to-date symlink: /home/liv/argos_ws/install/ur_description/share/ur_description/config/ur5e/default_kinematics.yaml\n'}
[0.486228] (ur_description) StdoutLine: {'line': b'-- Up-to-date symlink: /home/liv/argos_ws/install/ur_description/share/ur_description/config/ur5e/joint_limits.yaml\n'}
[0.486254] (ur_description) StdoutLine: {'line': b'-- Up-to-date symlink: /home/liv/argos_ws/install/ur_description/share/ur_description/config/ur5e/physical_parameters.yaml\n'}
[0.486280] (ur_description) StdoutLine: {'line': b'-- Up-to-date symlink: /home/liv/argos_ws/install/ur_description/share/ur_description/config/ur5e/visual_parameters.yaml\n'}
[0.486308] (ur_description) StdoutLine: {'line': b'-- Up-to-date symlink: /home/liv/argos_ws/install/ur_description/share/ur_description/config/ur7e/default_kinematics.yaml\n'}
[0.486335] (ur_description) StdoutLine: {'line': b'-- Up-to-date symlink: /home/liv/argos_ws/install/ur_description/share/ur_description/config/ur7e/joint_limits.yaml\n'}
[0.486361] (ur_description) StdoutLine: {'line': b'-- Up-to-date symlink: /home/liv/argos_ws/install/ur_description/share/ur_description/config/ur7e/physical_parameters.yaml\n'}
[0.486388] (ur_description) StdoutLine: {'line': b'-- Up-to-date symlink: /home/liv/argos_ws/install/ur_description/share/ur_description/config/ur7e/visual_parameters.yaml\n'}
[0.486413] (ur_description) StdoutLine: {'line': b'-- Up-to-date symlink: /home/liv/argos_ws/install/ur_description/share/ur_description/config/ur8long/default_kinematics.yaml\n'}
[0.486440] (ur_description) StdoutLine: {'line': b'-- Up-to-date symlink: /home/liv/argos_ws/install/ur_description/share/ur_description/config/ur8long/joint_limits.yaml\n'}
[0.486465] (ur_description) StdoutLine: {'line': b'-- Up-to-date symlink: /home/liv/argos_ws/install/ur_description/share/ur_description/config/ur8long/physical_parameters.yaml\n'}
[0.486525] (ur_description) StdoutLine: {'line': b'-- Up-to-date symlink: /home/liv/argos_ws/install/ur_description/share/ur_description/config/ur8long/visual_parameters.yaml\n'}
[0.486557] (ur_description) StdoutLine: {'line': b'-- Up-to-date symlink: /home/liv/argos_ws/install/ur_description/share/ur_description/launch/view_ur.launch.py\n'}
[0.486590] (ur_description) StdoutLine: {'line': b'-- Up-to-date symlink: /home/liv/argos_ws/install/ur_description/share/ur_description/launch/view_ur.launch.xml\n'}
[0.486622] (ur_description) StdoutLine: {'line': b'-- Up-to-date symlink: /home/liv/argos_ws/install/ur_description/share/ur_description/meshes/ur10/collision/base.stl\n'}
[0.486678] (ur_description) StdoutLine: {'line': b'-- Up-to-date symlink: /home/liv/argos_ws/install/ur_description/share/ur_description/meshes/ur10/collision/forearm.stl\n'}
[0.486739] (ur_description) StdoutLine: {'line': b'-- Up-to-date symlink: /home/liv/argos_ws/install/ur_description/share/ur_description/meshes/ur10/collision/shoulder.stl\n'}
[0.486776] (ur_description) StdoutLine: {'line': b'-- Up-to-date symlink: /home/liv/argos_ws/install/ur_description/share/ur_description/meshes/ur10/collision/upperarm.stl\n'}
[0.486809] (ur_description) StdoutLine: {'line': b'-- Up-to-date symlink: /home/liv/argos_ws/install/ur_description/share/ur_description/meshes/ur10/collision/wrist1.stl\n'}
[0.486883] (ur_description) StdoutLine: {'line': b'-- Up-to-date symlink: /home/liv/argos_ws/install/ur_description/share/ur_description/meshes/ur10/collision/wrist2.stl\n'}
[0.486924] (ur_description) StdoutLine: {'line': b'-- Up-to-date symlink: /home/liv/argos_ws/install/ur_description/share/ur_description/meshes/ur10/collision/wrist3.stl\n'}
[0.486958] (ur_description) StdoutLine: {'line': b'-- Up-to-date symlink: /home/liv/argos_ws/install/ur_description/share/ur_description/meshes/ur10/visual/base.dae\n'}
[0.486994] (ur_description) StdoutLine: {'line': b'-- Up-to-date symlink: /home/liv/argos_ws/install/ur_description/share/ur_description/meshes/ur10/visual/forearm.dae\n'}
[0.487054] (ur_description) StdoutLine: {'line': b'-- Up-to-date symlink: /home/liv/argos_ws/install/ur_description/share/ur_description/meshes/ur10/visual/shoulder.dae\n'}
[0.487124] (ur_description) StdoutLine: {'line': b'-- Up-to-date symlink: /home/liv/argos_ws/install/ur_description/share/ur_description/meshes/ur10/visual/upperarm.dae\n'}
[0.487164] (ur_description) StdoutLine: {'line': b'-- Up-to-date symlink: /home/liv/argos_ws/install/ur_description/share/ur_description/meshes/ur10/visual/wrist1.dae\n'}
[0.487231] (ur_description) StdoutLine: {'line': b'-- Up-to-date symlink: /home/liv/argos_ws/install/ur_description/share/ur_description/meshes/ur10/visual/wrist2.dae\n'}
[0.487269] (ur_description) StdoutLine: {'line': b'-- Up-to-date symlink: /home/liv/argos_ws/install/ur_description/share/ur_description/meshes/ur10/visual/wrist3.dae\n'}
[0.487304] (ur_description) StdoutLine: {'line': b'-- Up-to-date symlink: /home/liv/argos_ws/install/ur_description/share/ur_description/meshes/ur10e/collision/base.stl\n'}
[0.487357] (ur_description) StdoutLine: {'line': b'-- Up-to-date symlink: /home/liv/argos_ws/install/ur_description/share/ur_description/meshes/ur10e/collision/forearm.stl\n'}
[0.487424] (ur_description) StdoutLine: {'line': b'-- Up-to-date symlink: /home/liv/argos_ws/install/ur_description/share/ur_description/meshes/ur10e/collision/shoulder.stl\n'}
[0.487460] (ur_description) StdoutLine: {'line': b'-- Up-to-date symlink: /home/liv/argos_ws/install/ur_description/share/ur_description/meshes/ur10e/collision/upperarm.stl\n'}
[0.487496] (ur_description) StdoutLine: {'line': b'-- Up-to-date symlink: /home/liv/argos_ws/install/ur_description/share/ur_description/meshes/ur10e/collision/wrist1.stl\n'}
[0.487550] (ur_description) StdoutLine: {'line': b'-- Up-to-date symlink: /home/liv/argos_ws/install/ur_description/share/ur_description/meshes/ur10e/collision/wrist2.stl\n'}
[0.487609] (ur_description) StdoutLine: {'line': b'-- Up-to-date symlink: /home/liv/argos_ws/install/ur_description/share/ur_description/meshes/ur10e/collision/wrist3.stl\n'}
[0.487645] (ur_description) StdoutLine: {'line': b'-- Up-to-date symlink: /home/liv/argos_ws/install/ur_description/share/ur_description/meshes/ur10e/visual/base.dae\n'}
[0.487694] (ur_description) StdoutLine: {'line': b'-- Up-to-date symlink: /home/liv/argos_ws/install/ur_description/share/ur_description/meshes/ur10e/visual/forearm.dae\n'}
[0.487763] (ur_description) StdoutLine: {'line': b'-- Up-to-date symlink: /home/liv/argos_ws/install/ur_description/share/ur_description/meshes/ur10e/visual/shoulder.dae\n'}
[0.487794] (ur_description) StdoutLine: {'line': b'-- Up-to-date symlink: /home/liv/argos_ws/install/ur_description/share/ur_description/meshes/ur10e/visual/upperarm.dae\n'}
[0.487867] (ur_description) StdoutLine: {'line': b'-- Up-to-date symlink: /home/liv/argos_ws/install/ur_description/share/ur_description/meshes/ur10e/visual/wrist1.dae\n'}
[0.487929] (ur_description) StdoutLine: {'line': b'-- Up-to-date symlink: /home/liv/argos_ws/install/ur_description/share/ur_description/meshes/ur10e/visual/wrist2.dae\n'}
[0.487999] (ur_description) StdoutLine: {'line': b'-- Up-to-date symlink: /home/liv/argos_ws/install/ur_description/share/ur_description/meshes/ur10e/visual/wrist3.dae\n'}
[0.488044] (ur_description) StdoutLine: {'line': b'-- Up-to-date symlink: /home/liv/argos_ws/install/ur_description/share/ur_description/meshes/ur15/LICENSE.txt\n'}
[0.488079] (ur_description) StdoutLine: {'line': b'-- Up-to-date symlink: /home/liv/argos_ws/install/ur_description/share/ur_description/meshes/ur15/collision/base.stl\n'}
[0.488129] (ur_description) StdoutLine: {'line': b'-- Up-to-date symlink: /home/liv/argos_ws/install/ur_description/share/ur_description/meshes/ur15/collision/forearm.stl\n'}
[0.488163] (ur_description) StdoutLine: {'line': b'-- Up-to-date symlink: /home/liv/argos_ws/install/ur_description/share/ur_description/meshes/ur15/collision/shoulder.stl\n'}
[0.488224] (ur_description) StdoutLine: {'line': b'-- Up-to-date symlink: /home/liv/argos_ws/install/ur_description/share/ur_description/meshes/ur15/collision/upperarm.stl\n'}
[0.488255] (ur_description) StdoutLine: {'line': b'-- Up-to-date symlink: /home/liv/argos_ws/install/ur_description/share/ur_description/meshes/ur15/collision/wrist1.stl\n'}
[0.488298] (ur_description) StdoutLine: {'line': b'-- Up-to-date symlink: /home/liv/argos_ws/install/ur_description/share/ur_description/meshes/ur15/collision/wrist2.stl\n'}
[0.488330] (ur_description) StdoutLine: {'line': b'-- Up-to-date symlink: /home/liv/argos_ws/install/ur_description/share/ur_description/meshes/ur15/collision/wrist3.stl\n'}
[0.488384] (ur_description) StdoutLine: {'line': b'-- Up-to-date symlink: /home/liv/argos_ws/install/ur_description/share/ur_description/meshes/ur15/visual/UR15_DIFF_8bit_2K.jpg\n'}
[0.488439] (ur_description) StdoutLine: {'line': b'-- Up-to-date symlink: /home/liv/argos_ws/install/ur_description/share/ur_description/meshes/ur15/visual/base.dae\n'}
[0.488495] (ur_description) StdoutLine: {'line': b'-- Up-to-date symlink: /home/liv/argos_ws/install/ur_description/share/ur_description/meshes/ur15/visual/forearm.dae\n'}
[0.488552] (ur_description) StdoutLine: {'line': b'-- Up-to-date symlink: /home/liv/argos_ws/install/ur_description/share/ur_description/meshes/ur15/visual/shoulder.dae\n'}
[0.488608] (ur_description) StdoutLine: {'line': b'-- Up-to-date symlink: /home/liv/argos_ws/install/ur_description/share/ur_description/meshes/ur15/visual/upperarm.dae\n'}
[0.488663] (ur_description) StdoutLine: {'line': b'-- Up-to-date symlink: /home/liv/argos_ws/install/ur_description/share/ur_description/meshes/ur15/visual/wrist1.dae\n'}
[0.488698] (ur_description) StdoutLine: {'line': b'-- Up-to-date symlink: /home/liv/argos_ws/install/ur_description/share/ur_description/meshes/ur15/visual/wrist2.dae\n'}
[0.488768] (ur_description) StdoutLine: {'line': b'-- Up-to-date symlink: /home/liv/argos_ws/install/ur_description/share/ur_description/meshes/ur15/visual/wrist3.dae\n'}
[0.488801] (ur_description) StdoutLine: {'line': b'-- Up-to-date symlink: /home/liv/argos_ws/install/ur_description/share/ur_description/meshes/ur16e/collision/forearm.stl\n'}
[0.488850] (ur_description) StdoutLine: {'line': b'-- Up-to-date symlink: /home/liv/argos_ws/install/ur_description/share/ur_description/meshes/ur16e/collision/upperarm.stl\n'}
[0.488884] (ur_description) StdoutLine: {'line': b'-- Up-to-date symlink: /home/liv/argos_ws/install/ur_description/share/ur_description/meshes/ur16e/visual/forearm.dae\n'}
[0.488950] (ur_description) StdoutLine: {'line': b'-- Up-to-date symlink: /home/liv/argos_ws/install/ur_description/share/ur_description/meshes/ur16e/visual/upperarm.dae\n'}
[0.488986] (ur_description) StdoutLine: {'line': b'-- Up-to-date symlink: /home/liv/argos_ws/install/ur_description/share/ur_description/meshes/ur18/LICENSE.txt\n'}
[0.489046] (ur_description) StdoutLine: {'line': b'-- Up-to-date symlink: /home/liv/argos_ws/install/ur_description/share/ur_description/meshes/ur18/collision/forearm.stl\n'}
[0.489111] (ur_description) StdoutLine: {'line': b'-- Up-to-date symlink: /home/liv/argos_ws/install/ur_description/share/ur_description/meshes/ur18/collision/upperarm.stl\n'}
[0.489147] (ur_description) StdoutLine: {'line': b'-- Up-to-date symlink: /home/liv/argos_ws/install/ur_description/share/ur_description/meshes/ur18/visual/UR18_DIFF_8bit_2K.jpg\n'}
[0.489207] (ur_description) StdoutLine: {'line': b'-- Up-to-date symlink: /home/liv/argos_ws/install/ur_description/share/ur_description/meshes/ur18/visual/forearm.dae\n'}
[0.489244] (ur_description) StdoutLine: {'line': b'-- Up-to-date symlink: /home/liv/argos_ws/install/ur_description/share/ur_description/meshes/ur18/visual/upperarm.dae\n'}
[0.489293] (ur_description) StdoutLine: {'line': b'-- Up-to-date symlink: /home/liv/argos_ws/install/ur_description/share/ur_description/meshes/ur20/LICENSE.txt\n'}
[0.489354] (ur_description) StdoutLine: {'line': b'-- Up-to-date symlink: /home/liv/argos_ws/install/ur_description/share/ur_description/meshes/ur20/collision/base.stl\n'}
[0.489390] (ur_description) StdoutLine: {'line': b'-- Up-to-date symlink: /home/liv/argos_ws/install/ur_description/share/ur_description/meshes/ur20/collision/forearm.stl\n'}
[0.489451] (ur_description) StdoutLine: {'line': b'-- Up-to-date symlink: /home/liv/argos_ws/install/ur_description/share/ur_description/meshes/ur20/collision/shoulder.stl\n'}
[0.489488] (ur_description) StdoutLine: {'line': b'-- Up-to-date symlink: /home/liv/argos_ws/install/ur_description/share/ur_description/meshes/ur20/collision/upperarm.stl\n'}
[0.489550] (ur_description) StdoutLine: {'line': b'-- Up-to-date symlink: /home/liv/argos_ws/install/ur_description/share/ur_description/meshes/ur20/collision/wrist1.stl\n'}
[0.489585] (ur_description) StdoutLine: {'line': b'-- Up-to-date symlink: /home/liv/argos_ws/install/ur_description/share/ur_description/meshes/ur20/collision/wrist2.stl\n'}
[0.489636] (ur_description) StdoutLine: {'line': b'-- Up-to-date symlink: /home/liv/argos_ws/install/ur_description/share/ur_description/meshes/ur20/collision/wrist3.stl\n'}
[0.489692] (ur_description) StdoutLine: {'line': b'-- Up-to-date symlink: /home/liv/argos_ws/install/ur_description/share/ur_description/meshes/ur20/visual/UR20_DIFF_8bit_2K.png\n'}
[0.489755] (ur_description) StdoutLine: {'line': b'-- Up-to-date symlink: /home/liv/argos_ws/install/ur_description/share/ur_description/meshes/ur20/visual/base.dae\n'}
[0.489790] (ur_description) StdoutLine: {'line': b'-- Up-to-date symlink: /home/liv/argos_ws/install/ur_description/share/ur_description/meshes/ur20/visual/forearm.dae\n'}
[0.489853] (ur_description) StdoutLine: {'line': b'-- Up-to-date symlink: /home/liv/argos_ws/install/ur_description/share/ur_description/meshes/ur20/visual/shoulder.dae\n'}
[0.489890] (ur_description) StdoutLine: {'line': b'-- Up-to-date symlink: /home/liv/argos_ws/install/ur_description/share/ur_description/meshes/ur20/visual/upperarm.dae\n'}
[0.489955] (ur_description) StdoutLine: {'line': b'-- Up-to-date symlink: /home/liv/argos_ws/install/ur_description/share/ur_description/meshes/ur20/visual/wrist1.dae\n'}
[0.489992] (ur_description) StdoutLine: {'line': b'-- Up-to-date symlink: /home/liv/argos_ws/install/ur_description/share/ur_description/meshes/ur20/visual/wrist2.dae\n'}
[0.490058] (ur_description) StdoutLine: {'line': b'-- Up-to-date symlink: /home/liv/argos_ws/install/ur_description/share/ur_description/meshes/ur20/visual/wrist3.dae\n'}
[0.490097] (ur_description) StdoutLine: {'line': b'-- Up-to-date symlink: /home/liv/argos_ws/install/ur_description/share/ur_description/meshes/ur3/collision/base.stl\n'}
[0.490162] (ur_description) StdoutLine: {'line': b'-- Up-to-date symlink: /home/liv/argos_ws/install/ur_description/share/ur_description/meshes/ur3/collision/forearm.stl\n'}
[0.490201] (ur_description) StdoutLine: {'line': b'-- Up-to-date symlink: /home/liv/argos_ws/install/ur_description/share/ur_description/meshes/ur3/collision/shoulder.stl\n'}
[0.490255] (ur_description) StdoutLine: {'line': b'-- Up-to-date symlink: /home/liv/argos_ws/install/ur_description/share/ur_description/meshes/ur3/collision/upperarm.stl\n'}
[0.490315] (ur_description) StdoutLine: {'line': b'-- Up-to-date symlink: /home/liv/argos_ws/install/ur_description/share/ur_description/meshes/ur3/collision/wrist1.stl\n'}
[0.490365] (ur_description) StdoutLine: {'line': b'-- Up-to-date symlink: /home/liv/argos_ws/install/ur_description/share/ur_description/meshes/ur3/collision/wrist2.stl\n'}
[0.490407] (ur_description) StdoutLine: {'line': b'-- Up-to-date symlink: /home/liv/argos_ws/install/ur_description/share/ur_description/meshes/ur3/collision/wrist3.stl\n'}
[0.490441] (ur_description) StdoutLine: {'line': b'-- Up-to-date symlink: /home/liv/argos_ws/install/ur_description/share/ur_description/meshes/ur3/visual/base.dae\n'}
[0.490503] (ur_description) StdoutLine: {'line': b'-- Up-to-date symlink: /home/liv/argos_ws/install/ur_description/share/ur_description/meshes/ur3/visual/forearm.dae\n'}
[0.490536] (ur_description) StdoutLine: {'line': b'-- Up-to-date symlink: /home/liv/argos_ws/install/ur_description/share/ur_description/meshes/ur3/visual/shoulder.dae\n'}
[0.490593] (ur_description) StdoutLine: {'line': b'-- Up-to-date symlink: /home/liv/argos_ws/install/ur_description/share/ur_description/meshes/ur3/visual/upperarm.dae\n'}
[0.490626] (ur_description) StdoutLine: {'line': b'-- Up-to-date symlink: /home/liv/argos_ws/install/ur_description/share/ur_description/meshes/ur3/visual/wrist1.dae\n'}
[0.490683] (ur_description) StdoutLine: {'line': b'-- Up-to-date symlink: /home/liv/argos_ws/install/ur_description/share/ur_description/meshes/ur3/visual/wrist2.dae\n'}
[0.490716] (ur_description) StdoutLine: {'line': b'-- Up-to-date symlink: /home/liv/argos_ws/install/ur_description/share/ur_description/meshes/ur3/visual/wrist3.dae\n'}
[0.490773] (ur_description) StdoutLine: {'line': b'-- Up-to-date symlink: /home/liv/argos_ws/install/ur_description/share/ur_description/meshes/ur30/LICENSE.txt\n'}
[0.490806] (ur_description) StdoutLine: {'line': b'-- Up-to-date symlink: /home/liv/argos_ws/install/ur_description/share/ur_description/meshes/ur30/collision/forearm.stl\n'}
[0.490864] (ur_description) StdoutLine: {'line': b'-- Up-to-date symlink: /home/liv/argos_ws/install/ur_description/share/ur_description/meshes/ur30/collision/upperarm.stl\n'}
[0.490913] (ur_description) StdoutLine: {'line': b'-- Up-to-date symlink: /home/liv/argos_ws/install/ur_description/share/ur_description/meshes/ur30/visual/UR30_DIFF_8bit_2K.png\n'}
[0.490978] (ur_description) StdoutLine: {'line': b'-- Up-to-date symlink: /home/liv/argos_ws/install/ur_description/share/ur_description/meshes/ur30/visual/forearm.dae\n'}
[0.491029] (ur_description) StdoutLine: {'line': b'-- Up-to-date symlink: /home/liv/argos_ws/install/ur_description/share/ur_description/meshes/ur30/visual/upperarm.dae\n'}
[0.491066] (ur_description) StdoutLine: {'line': b'-- Up-to-date symlink: /home/liv/argos_ws/install/ur_description/share/ur_description/meshes/ur3e/collision/base.stl\n'}
[0.491121] (ur_description) StdoutLine: {'line': b'-- Up-to-date symlink: /home/liv/argos_ws/install/ur_description/share/ur_description/meshes/ur3e/collision/forearm.stl\n'}
[0.491184] (ur_description) StdoutLine: {'line': b'-- Up-to-date symlink: /home/liv/argos_ws/install/ur_description/share/ur_description/meshes/ur3e/collision/shoulder.stl\n'}
[0.491222] (ur_description) StdoutLine: {'line': b'-- Up-to-date symlink: /home/liv/argos_ws/install/ur_description/share/ur_description/meshes/ur3e/collision/upperarm.stl\n'}
[0.491279] (ur_description) StdoutLine: {'line': b'-- Up-to-date symlink: /home/liv/argos_ws/install/ur_description/share/ur_description/meshes/ur3e/collision/wrist1.stl\n'}
[0.491311] (ur_description) StdoutLine: {'line': b'-- Up-to-date symlink: /home/liv/argos_ws/install/ur_description/share/ur_description/meshes/ur3e/collision/wrist2.stl\n'}
[0.491369] (ur_description) StdoutLine: {'line': b'-- Up-to-date symlink: /home/liv/argos_ws/install/ur_description/share/ur_description/meshes/ur3e/collision/wrist3.stl\n'}
[0.491401] (ur_description) StdoutLine: {'line': b'-- Up-to-date symlink: /home/liv/argos_ws/install/ur_description/share/ur_description/meshes/ur3e/visual/base.dae\n'}
[0.491458] (ur_description) StdoutLine: {'line': b'-- Up-to-date symlink: /home/liv/argos_ws/install/ur_description/share/ur_description/meshes/ur3e/visual/forearm.dae\n'}
[0.491489] (ur_description) StdoutLine: {'line': b'-- Up-to-date symlink: /home/liv/argos_ws/install/ur_description/share/ur_description/meshes/ur3e/visual/shoulder.dae\n'}
[0.491533] (ur_description) StdoutLine: {'line': b'-- Up-to-date symlink: /home/liv/argos_ws/install/ur_description/share/ur_description/meshes/ur3e/visual/upperarm.dae\n'}
[0.491583] (ur_description) StdoutLine: {'line': b'-- Up-to-date symlink: /home/liv/argos_ws/install/ur_description/share/ur_description/meshes/ur3e/visual/wrist1.dae\n'}
[0.491641] (ur_description) StdoutLine: {'line': b'-- Up-to-date symlink: /home/liv/argos_ws/install/ur_description/share/ur_description/meshes/ur3e/visual/wrist2.dae\n'}
[0.491673] (ur_description) StdoutLine: {'line': b'-- Up-to-date symlink: /home/liv/argos_ws/install/ur_description/share/ur_description/meshes/ur3e/visual/wrist3.dae\n'}
[0.491732] (ur_description) StdoutLine: {'line': b'-- Up-to-date symlink: /home/liv/argos_ws/install/ur_description/share/ur_description/meshes/ur5/collision/base.stl\n'}
[0.491763] (ur_description) StdoutLine: {'line': b'-- Up-to-date symlink: /home/liv/argos_ws/install/ur_description/share/ur_description/meshes/ur5/collision/forearm.stl\n'}
[0.491815] (ur_description) StdoutLine: {'line': b'-- Up-to-date symlink: /home/liv/argos_ws/install/ur_description/share/ur_description/meshes/ur5/collision/shoulder.stl\n'}
[0.491875] (ur_description) StdoutLine: {'line': b'-- Up-to-date symlink: /home/liv/argos_ws/install/ur_description/share/ur_description/meshes/ur5/collision/upperarm.stl\n'}
[0.491932] (ur_description) StdoutLine: {'line': b'-- Up-to-date symlink: /home/liv/argos_ws/install/ur_description/share/ur_description/meshes/ur5/collision/wrist1.stl\n'}
[0.491987] (ur_description) StdoutLine: {'line': b'-- Up-to-date symlink: /home/liv/argos_ws/install/ur_description/share/ur_description/meshes/ur5/collision/wrist2.stl\n'}
[0.492045] (ur_description) StdoutLine: {'line': b'-- Up-to-date symlink: /home/liv/argos_ws/install/ur_description/share/ur_description/meshes/ur5/collision/wrist3.stl\n'}
[0.492110] (ur_description) StdoutLine: {'line': b'-- Up-to-date symlink: /home/liv/argos_ws/install/ur_description/share/ur_description/meshes/ur5/visual/base.dae\n'}
[0.492146] (ur_description) StdoutLine: {'line': b'-- Up-to-date symlink: /home/liv/argos_ws/install/ur_description/share/ur_description/meshes/ur5/visual/forearm.dae\n'}
[0.492207] (ur_description) StdoutLine: {'line': b'-- Up-to-date symlink: /home/liv/argos_ws/install/ur_description/share/ur_description/meshes/ur5/visual/shoulder.dae\n'}
[0.492238] (ur_description) StdoutLine: {'line': b'-- Up-to-date symlink: /home/liv/argos_ws/install/ur_description/share/ur_description/meshes/ur5/visual/upperarm.dae\n'}
[0.492296] (ur_description) StdoutLine: {'line': b'-- Up-to-date symlink: /home/liv/argos_ws/install/ur_description/share/ur_description/meshes/ur5/visual/wrist1.dae\n'}
[0.492326] (ur_description) StdoutLine: {'line': b'-- Up-to-date symlink: /home/liv/argos_ws/install/ur_description/share/ur_description/meshes/ur5/visual/wrist2.dae\n'}
[0.492384] (ur_description) StdoutLine: {'line': b'-- Up-to-date symlink: /home/liv/argos_ws/install/ur_description/share/ur_description/meshes/ur5/visual/wrist3.dae\n'}
[0.492414] (ur_description) StdoutLine: {'line': b'-- Up-to-date symlink: /home/liv/argos_ws/install/ur_description/share/ur_description/meshes/ur5e/collision/base.stl\n'}
[0.492459] (ur_description) StdoutLine: {'line': b'-- Up-to-date symlink: /home/liv/argos_ws/install/ur_description/share/ur_description/meshes/ur5e/collision/forearm.stl\n'}
[0.492510] (ur_description) StdoutLine: {'line': b'-- Up-to-date symlink: /home/liv/argos_ws/install/ur_description/share/ur_description/meshes/ur5e/collision/shoulder.stl\n'}
[0.492560] (ur_description) StdoutLine: {'line': b'-- Up-to-date symlink: /home/liv/argos_ws/install/ur_description/share/ur_description/meshes/ur5e/collision/upperarm.stl\n'}
[0.492619] (ur_description) StdoutLine: {'line': b'-- Up-to-date symlink: /home/liv/argos_ws/install/ur_description/share/ur_description/meshes/ur5e/collision/wrist1.stl\n'}
[0.492650] (ur_description) StdoutLine: {'line': b'-- Up-to-date symlink: /home/liv/argos_ws/install/ur_description/share/ur_description/meshes/ur5e/collision/wrist2.stl\n'}
[0.492703] (ur_description) StdoutLine: {'line': b'-- Up-to-date symlink: /home/liv/argos_ws/install/ur_description/share/ur_description/meshes/ur5e/collision/wrist3.stl\n'}
[0.492755] (ur_description) StdoutLine: {'line': b'-- Up-to-date symlink: /home/liv/argos_ws/install/ur_description/share/ur_description/meshes/ur5e/visual/base.dae\n'}
[0.492815] (ur_description) StdoutLine: {'line': b'-- Up-to-date symlink: /home/liv/argos_ws/install/ur_description/share/ur_description/meshes/ur5e/visual/forearm.dae\n'}
[0.492851] (ur_description) StdoutLine: {'line': b'-- Up-to-date symlink: /home/liv/argos_ws/install/ur_description/share/ur_description/meshes/ur5e/visual/shoulder.dae\n'}
[0.492906] (ur_description) StdoutLine: {'line': b'-- Up-to-date symlink: /home/liv/argos_ws/install/ur_description/share/ur_description/meshes/ur5e/visual/upperarm.dae\n'}
[0.492951] (ur_description) StdoutLine: {'line': b'-- Up-to-date symlink: /home/liv/argos_ws/install/ur_description/share/ur_description/meshes/ur5e/visual/wrist1.dae\n'}
[0.493009] (ur_description) StdoutLine: {'line': b'-- Up-to-date symlink: /home/liv/argos_ws/install/ur_description/share/ur_description/meshes/ur5e/visual/wrist2.dae\n'}
[0.493077] (ur_description) StdoutLine: {'line': b'-- Up-to-date symlink: /home/liv/argos_ws/install/ur_description/share/ur_description/meshes/ur5e/visual/wrist3.dae\n'}
[0.493111] (ur_description) StdoutLine: {'line': b'-- Up-to-date symlink: /home/liv/argos_ws/install/ur_description/share/ur_description/meshes/ur8long/LICENSE.txt\n'}
[0.493167] (ur_description) StdoutLine: {'line': b'-- Up-to-date symlink: /home/liv/argos_ws/install/ur_description/share/ur_description/meshes/ur8long/collision/forearm.stl\n'}
[0.493224] (ur_description) StdoutLine: {'line': b'-- Up-to-date symlink: /home/liv/argos_ws/install/ur_description/share/ur_description/meshes/ur8long/collision/upperarm.stl\n'}
[0.493283] (ur_description) StdoutLine: {'line': b'-- Up-to-date symlink: /home/liv/argos_ws/install/ur_description/share/ur_description/meshes/ur8long/visual/UR8Long_DIFF_8bit_2K.jpg\n'}
[0.493327] (ur_description) StdoutLine: {'line': b'-- Up-to-date symlink: /home/liv/argos_ws/install/ur_description/share/ur_description/meshes/ur8long/visual/forearm.dae\n'}
[0.493357] (ur_description) StdoutLine: {'line': b'-- Up-to-date symlink: /home/liv/argos_ws/install/ur_description/share/ur_description/meshes/ur8long/visual/upperarm.dae\n'}
[0.493459] (ur_description) StdoutLine: {'line': b'-- Up-to-date symlink: /home/liv/argos_ws/install/ur_description/share/ur_description/rviz/view_robot.rviz\n'}
[0.493597] (ur_description) StdoutLine: {'line': b'-- Up-to-date symlink: /home/liv/argos_ws/install/ur_description/share/ur_description/urdf/inc/ur_common.xacro\n'}
[0.493647] (ur_description) StdoutLine: {'line': b'-- Up-to-date symlink: /home/liv/argos_ws/install/ur_description/share/ur_description/urdf/inc/ur_transmissions.xacro\n'}
[0.493692] (ur_description) StdoutLine: {'line': b'-- Up-to-date symlink: /home/liv/argos_ws/install/ur_description/share/ur_description/urdf/ur.ros2_control.xacro\n'}
[0.493739] (ur_description) StdoutLine: {'line': b'-- Up-to-date symlink: /home/liv/argos_ws/install/ur_description/share/ur_description/urdf/ur.urdf.xacro\n'}
[0.493787] (ur_description) StdoutLine: {'line': b'-- Up-to-date symlink: /home/liv/argos_ws/install/ur_description/share/ur_description/urdf/ur_macro.xacro\n'}
[0.493923] (ur_description) StdoutLine: {'line': b'-- Up-to-date symlink: /home/liv/argos_ws/install/ur_description/share/ur_description/test/test_ur_urdf_xacro.py\n'}
[0.493985] (ur_description) StdoutLine: {'line': b'-- Up-to-date symlink: /home/liv/argos_ws/install/ur_description/share/ur_description/test/test_view_ur_launch.py\n'}
[0.494080] (ur_description) StdoutLine: {'line': b'-- Up-to-date symlink: /home/liv/argos_ws/install/ur_description/share/ament_index/resource_index/package_run_dependencies/ur_description\n'}
[0.494172] (ur_description) StdoutLine: {'line': b'-- Up-to-date symlink: /home/liv/argos_ws/install/ur_description/share/ament_index/resource_index/parent_prefix_path/ur_description\n'}
[0.494253] (ur_description) StdoutLine: {'line': b'-- Up-to-date symlink: /home/liv/argos_ws/install/ur_description/share/ur_description/environment/ament_prefix_path.sh\n'}
[0.494326] (ur_description) StdoutLine: {'line': b'-- Up-to-date symlink: /home/liv/argos_ws/install/ur_description/share/ur_description/environment/ament_prefix_path.dsv\n'}
[0.494398] (ur_description) StdoutLine: {'line': b'-- Up-to-date symlink: /home/liv/argos_ws/install/ur_description/share/ur_description/environment/path.sh\n'}
[0.494466] (ur_description) StdoutLine: {'line': b'-- Up-to-date symlink: /home/liv/argos_ws/install/ur_description/share/ur_description/environment/path.dsv\n'}
[0.494535] (ur_description) StdoutLine: {'line': b'-- Up-to-date symlink: /home/liv/argos_ws/install/ur_description/share/ur_description/local_setup.bash\n'}
[0.494602] (ur_description) StdoutLine: {'line': b'-- Up-to-date symlink: /home/liv/argos_ws/install/ur_description/share/ur_description/local_setup.sh\n'}
[0.494668] (ur_description) StdoutLine: {'line': b'-- Up-to-date symlink: /home/liv/argos_ws/install/ur_description/share/ur_description/local_setup.zsh\n'}
[0.494736] (ur_description) StdoutLine: {'line': b'-- Up-to-date symlink: /home/liv/argos_ws/install/ur_description/share/ur_description/local_setup.dsv\n'}
[0.494787] (ur_description) StdoutLine: {'line': b'-- Symlinking: /home/liv/argos_ws/install/ur_description/share/ur_description/package.dsv\n'}
[0.500369] (-) TimerEvent: {}
[0.501850] (ur_description) StdoutLine: {'line': b'-- Up-to-date symlink: /home/liv/argos_ws/install/ur_description/share/ament_index/resource_index/packages/ur_description\n'}
[0.501973] (ur_description) StdoutLine: {'line': b'-- Up-to-date symlink: /home/liv/argos_ws/install/ur_description/share/ur_description/cmake/ur_descriptionConfig.cmake\n'}
[0.502040] (ur_description) StdoutLine: {'line': b'-- Up-to-date symlink: /home/liv/argos_ws/install/ur_description/share/ur_description/cmake/ur_descriptionConfig-version.cmake\n'}
[0.502104] (ur_description) StdoutLine: {'line': b'-- Up-to-date symlink: /home/liv/argos_ws/install/ur_description/share/ur_description/package.xml\n'}
[0.503403] (ur_description) CommandEnded: {'returncode': 0}
[0.529915] (ur_description) JobEnded: {'identifier': 'ur_description', 'rc': 0}
[0.530394] (cone_inspection) JobStarted: {'identifier': 'cone_inspection'}
[0.534190] (ur_simulation_gazebo) JobStarted: {'identifier': 'ur_simulation_gazebo'}
[0.537520] (ur_simulation_gz) JobStarted: {'identifier': 'ur_simulation_gz'}
[0.600499] (-) TimerEvent: {}
[0.665967] (ur_simulation_gazebo) JobProgress: {'identifier': 'ur_simulation_gazebo', 'progress': 'cmake'}
[0.667815] (ur_simulation_gazebo) Command: {'cmd': ['/usr/bin/cmake', '/home/liv/argos_ws/src/Universal_Robots_ROS2_Gazebo_Simulation/ur_simulation_gazebo', '-DAMENT_CMAKE_SYMLINK_INSTALL=1', '-DCMAKE_INSTALL_PREFIX=/home/liv/argos_ws/install/ur_simulation_gazebo'], 'cwd': '/home/liv/argos_ws/build/ur_simulation_gazebo', 'env': OrderedDict([('LESSOPEN', '| /usr/bin/lesspipe %s'), ('LANGUAGE', 'en_AU:en'), ('USER', 'liv'), ('XDG_SESSION_TYPE', 'x11'), ('SHLVL', '1'), ('LD_LIBRARY_PATH', '/opt/ros/humble/opt/rviz_ogre_vendor/lib:/opt/ros/humble/lib/x86_64-linux-gnu:/opt/ros/humble/lib'), ('HELIOS_MODELS', '/home/liv/rob1/helios_ws/src/helios_src/models'), ('HOME', '/home/liv'), ('OLDPWD', '/home/liv/argos_ws/src'), ('DESKTOP_SESSION', 'ubuntu-xorg'), ('ROS_PYTHON_VERSION', '3'), ('GNOME_SHELL_SESSION_MODE', 'ubuntu'), ('GTK_MODULES', 'gail:atk-bridge'), ('SYSTEMD_EXEC_PID', '2131'), ('DBUS_SESSION_BUS_ADDRESS', 'unix:path=/run/user/1000/bus'), ('COLORTERM', 'truecolor'), ('COLCON_PREFIX_PATH', '/home/liv/helios_ws/install:/home/liv/41068_ws/install'), ('ROS_DISTRO', 'humble'), ('GTK_IM_MODULE', 'ibus'), ('LOGNAME', 'liv'), ('IGN_GUI_PLUGIN_PATH', '/usr/lib/x86_64-linux-gnu/ign-gui-6/plugins:'), ('_', '/usr/bin/colcon'), ('ROS_VERSION', '2'), ('XDG_SESSION_CLASS', 'user'), ('USERNAME', 'liv'), ('TERM', 'xterm-256color'), ('GNOME_DESKTOP_SESSION_ID', 'this-is-deprecated'), ('ROS_LOCALHOST_ONLY', '1'), ('WINDOWPATH', '2'), ('PATH', '/opt/ros/humble/bin:/home/liv/.local/bin:/usr/local/sbin:/usr/local/bin:/usr/sbin:/usr/bin:/sbin:/bin:/usr/games:/usr/local/games:/snap/bin:/snap/bin'), ('SESSION_MANAGER', 'local/raspberry:@/tmp/.ICE-unix/2104,unix/raspberry:/tmp/.ICE-unix/2104'), ('XDG_MENU_PREFIX', 'gnome-'), ('GNOME_TERMINAL_SCREEN', '/org/gnome/Terminal/screen/4fc54a38_95ef_47da_a48e_b1e0cf73b975'), ('XDG_RUNTIME_DIR', '/run/user/1000'), ('DISPLAY', ':0'), ('LANG', 'en_US.UTF-8'), ('XDG_CURRENT_DESKTOP', 'ubuntu:GNOME'), ('XMODIFIERS', '@im=ibus'), ('XDG_SESSION_DESKTOP', 'ubuntu-xorg'), ('XAUTHORITY', '/run/user/1000/gdm/Xauthority'), ('LS_COLORS', 'rs=0:di=01;34:ln=01;36:mh=00:pi=40;33:so=01;35:do=01;35:bd=40;33;01:cd=40;33;01:or=40;31;01:mi=00:su=37;41:sg=30;43:ca=30;41:tw=30;42:ow=34;42:st=37;44:ex=01;32:*.tar=01;31:*.tgz=01;31:*.arc=01;31:*.arj=01;31:*.taz=01;31:*.lha=01;31:*.lz4=01;31:*.lzh=01;31:*.lzma=01;31:*.tlz=01;31:*.txz=01;31:*.tzo=01;31:*.t7z=01;31:*.zip=01;31:*.z=01;31:*.dz=01;31:*.gz=01;31:*.lrz=01;31:*.lz=01;31:*.lzo=01;31:*.xz=01;31:*.zst=01;31:*.tzst=01;31:*.bz2=01;31:*.bz=01;31:*.tbz=01;31:*.tbz2=01;31:*.tz=01;31:*.deb=01;31:*.rpm=01;31:*.jar=01;31:*.war=01;31:*.ear=01;31:*.sar=01;31:*.rar=01;31:*.alz=01;31:*.ace=01;31:*.zoo=01;31:*.cpio=01;31:*.7z=01;31:*.rz=01;31:*.cab=01;31:*.wim=01;31:*.swm=01;31:*.dwm=01;31:*.esd=01;31:*.jpg=01;35:*.jpeg=01;35:*.mjpg=01;35:*.mjpeg=01;35:*.gif=01;35:*.bmp=01;35:*.pbm=01;35:*.pgm=01;35:*.ppm=01;35:*.tga=01;35:*.xbm=01;35:*.xpm=01;35:*.tif=01;35:*.tiff=01;35:*.png=01;35:*.svg=01;35:*.svgz=01;35:*.mng=01;35:*.pcx=01;35:*.mov=01;35:*.mpg=01;35:*.mpeg=01;35:*.m2v=01;35:*.mkv=01;35:*.webm=01;35:*.webp=01;35:*.ogm=01;35:*.mp4=01;35:*.m4v=01;35:*.mp4v=01;35:*.vob=01;35:*.qt=01;35:*.nuv=01;35:*.wmv=01;35:*.asf=01;35:*.rm=01;35:*.rmvb=01;35:*.flc=01;35:*.avi=01;35:*.fli=01;35:*.flv=01;35:*.gl=01;35:*.dl=01;35:*.xcf=01;35:*.xwd=01;35:*.yuv=01;35:*.cgm=01;35:*.emf=01;35:*.ogv=01;35:*.ogx=01;35:*.aac=00;36:*.au=00;36:*.flac=00;36:*.m4a=00;36:*.mid=00;36:*.midi=00;36:*.mka=00;36:*.mp3=00;36:*.mpc=00;36:*.ogg=00;36:*.ra=00;36:*.wav=00;36:*.oga=00;36:*.opus=00;36:*.spx=00;36:*.xspf=00;36:'), ('GNOME_TERMINAL_SERVICE', ':1.94'), ('SSH_AGENT_LAUNCHER', 'gnome-keyring'), ('SSH_AUTH_SOCK', '/run/user/1000/keyring/ssh'), ('AMENT_PREFIX_PATH', '/home/liv/argos_ws/install/ur_description:/home/liv/helios_ws/install/fire_sim:/home/liv/helios_ws/install/fire_sensors:/home/liv/helios_ws/install/fire_satellite:/home/liv/helios_ws/install/fire_drone:/home/liv/helios_ws/install/fire_autonomy:/home/liv/helios_ws/install/41068_ignition_bringup:/home/liv/41068_ws/install/41068_ignition_bringup:/opt/ros/humble'), ('SHELL', '/bin/bash'), ('QT_ACCESSIBILITY', '1'), ('GDMSESSION', 'ubuntu-xorg'), ('LESSCLOSE', '/usr/bin/lesspipe %s %s'), ('IGN_GAZEBO_RESOURCE_PATH', '/home/liv/rob1/helios_ws/src/helios_src/models:'), ('GPG_AGENT_INFO', '/run/user/1000/gnupg/S.gpg-agent:0:1'), ('QT_IM_MODULE', 'ibus'), ('PWD', '/home/liv/argos_ws/build/ur_simulation_gazebo'), ('LC_ALL', 'en_US.UTF-8'), ('XDG_CONFIG_DIRS', '/etc/xdg/xdg-ubuntu-xorg:/etc/xdg'), ('XDG_DATA_DIRS', '/usr/share/ubuntu-xorg:/usr/share/gnome:/usr/local/share/:/usr/share/:/var/lib/snapd/desktop'), ('PYTHONPATH', '/home/liv/helios_ws/install/fire_sim/lib/python3.10/site-packages:/opt/ros/humble/lib/python3.10/site-packages:/opt/ros/humble/local/lib/python3.10/dist-packages'), ('COLCON', '1'), ('VTE_VERSION', '6800'), ('CMAKE_PREFIX_PATH', '/home/liv/argos_ws/install/ur_description:/home/liv/helios_ws/install/fire_sensors:/home/liv/helios_ws/install/fire_satellite:/home/liv/helios_ws/install/fire_drone:/home/liv/helios_ws/install/fire_autonomy:/home/liv/helios_ws/install/41068_ignition_bringup:/home/liv/41068_ws/install/41068_ignition_bringup:/home/liv/helios_ws/install/fire_sim:/opt/ros/humble')]), 'shell': False}
[0.669866] (ur_simulation_gz) JobProgress: {'identifier': 'ur_simulation_gz', 'progress': 'cmake'}
[0.671253] (ur_simulation_gz) Command: {'cmd': ['/usr/bin/cmake', '/home/liv/argos_ws/src/ur_simulation_gz/ur_simulation_gz', '-DAMENT_CMAKE_SYMLINK_INSTALL=1', '-DCMAKE_INSTALL_PREFIX=/home/liv/argos_ws/install/ur_simulation_gz'], 'cwd': '/home/liv/argos_ws/build/ur_simulation_gz', 'env': OrderedDict([('LESSOPEN', '| /usr/bin/lesspipe %s'), ('LANGUAGE', 'en_AU:en'), ('USER', 'liv'), ('XDG_SESSION_TYPE', 'x11'), ('SHLVL', '1'), ('LD_LIBRARY_PATH', '/opt/ros/humble/opt/rviz_ogre_vendor/lib:/opt/ros/humble/lib/x86_64-linux-gnu:/opt/ros/humble/lib'), ('HELIOS_MODELS', '/home/liv/rob1/helios_ws/src/helios_src/models'), ('HOME', '/home/liv'), ('OLDPWD', '/home/liv/argos_ws/src'), ('DESKTOP_SESSION', 'ubuntu-xorg'), ('ROS_PYTHON_VERSION', '3'), ('GNOME_SHELL_SESSION_MODE', 'ubuntu'), ('GTK_MODULES', 'gail:atk-bridge'), ('SYSTEMD_EXEC_PID', '2131'), ('DBUS_SESSION_BUS_ADDRESS', 'unix:path=/run/user/1000/bus'), ('COLORTERM', 'truecolor'), ('COLCON_PREFIX_PATH', '/home/liv/helios_ws/install:/home/liv/41068_ws/install'), ('ROS_DISTRO', 'humble'), ('GTK_IM_MODULE', 'ibus'), ('LOGNAME', 'liv'), ('IGN_GUI_PLUGIN_PATH', '/usr/lib/x86_64-linux-gnu/ign-gui-6/plugins:'), ('_', '/usr/bin/colcon'), ('ROS_VERSION', '2'), ('XDG_SESSION_CLASS', 'user'), ('USERNAME', 'liv'), ('TERM', 'xterm-256color'), ('GNOME_DESKTOP_SESSION_ID', 'this-is-deprecated'), ('ROS_LOCALHOST_ONLY', '1'), ('WINDOWPATH', '2'), ('PATH', '/opt/ros/humble/bin:/home/liv/.local/bin:/usr/local/sbin:/usr/local/bin:/usr/sbin:/usr/bin:/sbin:/bin:/usr/games:/usr/local/games:/snap/bin:/snap/bin'), ('SESSION_MANAGER', 'local/raspberry:@/tmp/.ICE-unix/2104,unix/raspberry:/tmp/.ICE-unix/2104'), ('XDG_MENU_PREFIX', 'gnome-'), ('GNOME_TERMINAL_SCREEN', '/org/gnome/Terminal/screen/4fc54a38_95ef_47da_a48e_b1e0cf73b975'), ('XDG_RUNTIME_DIR', '/run/user/1000'), ('DISPLAY', ':0'), ('LANG', 'en_US.UTF-8'), ('XDG_CURRENT_DESKTOP', 'ubuntu:GNOME'), ('XMODIFIERS', '@im=ibus'), ('XDG_SESSION_DESKTOP', 'ubuntu-xorg'), ('XAUTHORITY', '/run/user/1000/gdm/Xauthority'), ('LS_COLORS', 'rs=0:di=01;34:ln=01;36:mh=00:pi=40;33:so=01;35:do=01;35:bd=40;33;01:cd=40;33;01:or=40;31;01:mi=00:su=37;41:sg=30;43:ca=30;41:tw=30;42:ow=34;42:st=37;44:ex=01;32:*.tar=01;31:*.tgz=01;31:*.arc=01;31:*.arj=01;31:*.taz=01;31:*.lha=01;31:*.lz4=01;31:*.lzh=01;31:*.lzma=01;31:*.tlz=01;31:*.txz=01;31:*.tzo=01;31:*.t7z=01;31:*.zip=01;31:*.z=01;31:*.dz=01;31:*.gz=01;31:*.lrz=01;31:*.lz=01;31:*.lzo=01;31:*.xz=01;31:*.zst=01;31:*.tzst=01;31:*.bz2=01;31:*.bz=01;31:*.tbz=01;31:*.tbz2=01;31:*.tz=01;31:*.deb=01;31:*.rpm=01;31:*.jar=01;31:*.war=01;31:*.ear=01;31:*.sar=01;31:*.rar=01;31:*.alz=01;31:*.ace=01;31:*.zoo=01;31:*.cpio=01;31:*.7z=01;31:*.rz=01;31:*.cab=01;31:*.wim=01;31:*.swm=01;31:*.dwm=01;31:*.esd=01;31:*.jpg=01;35:*.jpeg=01;35:*.mjpg=01;35:*.mjpeg=01;35:*.gif=01;35:*.bmp=01;35:*.pbm=01;35:*.pgm=01;35:*.ppm=01;35:*.tga=01;35:*.xbm=01;35:*.xpm=01;35:*.tif=01;35:*.tiff=01;35:*.png=01;35:*.svg=01;35:*.svgz=01;35:*.mng=01;35:*.pcx=01;35:*.mov=01;35:*.mpg=01;35:*.mpeg=01;35:*.m2v=01;35:*.mkv=01;35:*.webm=01;35:*.webp=01;35:*.ogm=01;35:*.mp4=01;35:*.m4v=01;35:*.mp4v=01;35:*.vob=01;35:*.qt=01;35:*.nuv=01;35:*.wmv=01;35:*.asf=01;35:*.rm=01;35:*.rmvb=01;35:*.flc=01;35:*.avi=01;35:*.fli=01;35:*.flv=01;35:*.gl=01;35:*.dl=01;35:*.xcf=01;35:*.xwd=01;35:*.yuv=01;35:*.cgm=01;35:*.emf=01;35:*.ogv=01;35:*.ogx=01;35:*.aac=00;36:*.au=00;36:*.flac=00;36:*.m4a=00;36:*.mid=00;36:*.midi=00;36:*.mka=00;36:*.mp3=00;36:*.mpc=00;36:*.ogg=00;36:*.ra=00;36:*.wav=00;36:*.oga=00;36:*.opus=00;36:*.spx=00;36:*.xspf=00;36:'), ('GNOME_TERMINAL_SERVICE', ':1.94'), ('SSH_AGENT_LAUNCHER', 'gnome-keyring'), ('SSH_AUTH_SOCK', '/run/user/1000/keyring/ssh'), ('AMENT_PREFIX_PATH', '/home/liv/argos_ws/install/ur_description:/home/liv/helios_ws/install/fire_sim:/home/liv/helios_ws/install/fire_sensors:/home/liv/helios_ws/install/fire_satellite:/home/liv/helios_ws/install/fire_drone:/home/liv/helios_ws/install/fire_autonomy:/home/liv/helios_ws/install/41068_ignition_bringup:/home/liv/41068_ws/install/41068_ignition_bringup:/opt/ros/humble'), ('SHELL', '/bin/bash'), ('QT_ACCESSIBILITY', '1'), ('GDMSESSION', 'ubuntu-xorg'), ('LESSCLOSE', '/usr/bin/lesspipe %s %s'), ('IGN_GAZEBO_RESOURCE_PATH', '/home/liv/rob1/helios_ws/src/helios_src/models:'), ('GPG_AGENT_INFO', '/run/user/1000/gnupg/S.gpg-agent:0:1'), ('QT_IM_MODULE', 'ibus'), ('PWD', '/home/liv/argos_ws/build/ur_simulation_gz'), ('LC_ALL', 'en_US.UTF-8'), ('XDG_CONFIG_DIRS', '/etc/xdg/xdg-ubuntu-xorg:/etc/xdg'), ('XDG_DATA_DIRS', '/usr/share/ubuntu-xorg:/usr/share/gnome:/usr/local/share/:/usr/share/:/var/lib/snapd/desktop'), ('PYTHONPATH', '/home/liv/helios_ws/install/fire_sim/lib/python3.10/site-packages:/opt/ros/humble/lib/python3.10/site-packages:/opt/ros/humble/local/lib/python3.10/dist-packages'), ('COLCON', '1'), ('VTE_VERSION', '6800'), ('CMAKE_PREFIX_PATH', '/home/liv/argos_ws/install/ur_description:/home/liv/helios_ws/install/fire_sensors:/home/liv/helios_ws/install/fire_satellite:/home/liv/helios_ws/install/fire_drone:/home/liv/helios_ws/install/fire_autonomy:/home/liv/helios_ws/install/41068_ignition_bringup:/home/liv/41068_ws/install/41068_ignition_bringup:/home/liv/helios_ws/install/fire_sim:/opt/ros/humble')]), 'shell': False}
[0.677767] (ur_simulation_gazebo) StdoutLine: {'line': b'-- Found ament_cmake: 1.3.14 (/opt/ros/humble/share/ament_cmake/cmake)\n'}
[0.683701] (ur_simulation_gz) StdoutLine: {'line': b'-- Found ament_cmake: 1.3.14 (/opt/ros/humble/share/ament_cmake/cmake)\n'}
[0.700693] (-) TimerEvent: {}
[0.755361] (ur_simulation_gazebo) StdoutLine: {'line': b'-- Override CMake install command with custom implementation using symlinks instead of copying resources\n'}
[0.760186] (ur_simulation_gazebo) StdoutLine: {'line': b'-- Found launch_testing_ament_cmake: 1.0.15 (/opt/ros/humble/share/launch_testing_ament_cmake/cmake)\n'}
[0.761099] (ur_simulation_gazebo) StdoutLine: {'line': b'-- Found python_cmake_module: 0.10.0 (/opt/ros/humble/share/python_cmake_module/cmake)\n'}
[0.763523] (ur_simulation_gz) StdoutLine: {'line': b'-- Override CMake install command with custom implementation using symlinks instead of copying resources\n'}
[0.767898] (ur_simulation_gz) StdoutLine: {'line': b'-- Found launch_testing_ament_cmake: 1.0.15 (/opt/ros/humble/share/launch_testing_ament_cmake/cmake)\n'}
[0.767982] (ur_simulation_gz) StdoutLine: {'line': b'-- Found python_cmake_module: 0.10.0 (/opt/ros/humble/share/python_cmake_module/cmake)\n'}
[0.776042] (ur_simulation_gazebo) StdoutLine: {'line': b'-- Using PYTHON_EXECUTABLE: /usr/bin/python3\n'}
[0.776159] (ur_simulation_gazebo) StdoutLine: {'line': b'-- Using PYTHON_INCLUDE_DIRS: /usr/include/python3.10\n'}
[0.776191] (ur_simulation_gazebo) StdoutLine: {'line': b'-- Using PYTHON_LIBRARIES: /usr/lib/x86_64-linux-gnu/libpython3.10.so\n'}
[0.777044] (ur_simulation_gazebo) StdoutLine: {'line': b'-- Found ament_cmake_pytest: 1.3.14 (/opt/ros/humble/share/ament_cmake_pytest/cmake)\n'}
[0.786971] (ur_simulation_gz) StdoutLine: {'line': b'-- Using PYTHON_EXECUTABLE: /usr/bin/python3\n'}
[0.787065] (ur_simulation_gz) StdoutLine: {'line': b'-- Using PYTHON_INCLUDE_DIRS: /usr/include/python3.10\n'}
[0.787109] (ur_simulation_gz) StdoutLine: {'line': b'-- Using PYTHON_LIBRARIES: /usr/lib/x86_64-linux-gnu/libpython3.10.so\n'}
[0.788053] (ur_simulation_gz) StdoutLine: {'line': b'-- Found ament_cmake_pytest: 1.3.14 (/opt/ros/humble/share/ament_cmake_pytest/cmake)\n'}
[0.800881] (-) TimerEvent: {}
[0.818283] (ur_simulation_gazebo) StdoutLine: {'line': b'-- Configuring done\n'}
[0.820555] (ur_simulation_gazebo) StdoutLine: {'line': b'-- Generating done\n'}
[0.821363] (ur_simulation_gazebo) StdoutLine: {'line': b'-- Build files have been written to: /home/liv/argos_ws/build/ur_simulation_gazebo\n'}
[0.823309] (ur_simulation_gazebo) CommandEnded: {'returncode': 0}
[0.823761] (ur_simulation_gazebo) JobProgress: {'identifier': 'ur_simulation_gazebo', 'progress': 'build'}
[0.824141] (ur_simulation_gazebo) Command: {'cmd': ['/usr/bin/cmake', '--build', '/home/liv/argos_ws/build/ur_simulation_gazebo', '--', '-j24', '-l24'], 'cwd': '/home/liv/argos_ws/build/ur_simulation_gazebo', 'env': OrderedDict([('LESSOPEN', '| /usr/bin/lesspipe %s'), ('LANGUAGE', 'en_AU:en'), ('USER', 'liv'), ('XDG_SESSION_TYPE', 'x11'), ('SHLVL', '1'), ('LD_LIBRARY_PATH', '/opt/ros/humble/opt/rviz_ogre_vendor/lib:/opt/ros/humble/lib/x86_64-linux-gnu:/opt/ros/humble/lib'), ('HELIOS_MODELS', '/home/liv/rob1/helios_ws/src/helios_src/models'), ('HOME', '/home/liv'), ('OLDPWD', '/home/liv/argos_ws/src'), ('DESKTOP_SESSION', 'ubuntu-xorg'), ('ROS_PYTHON_VERSION', '3'), ('GNOME_SHELL_SESSION_MODE', 'ubuntu'), ('GTK_MODULES', 'gail:atk-bridge'), ('SYSTEMD_EXEC_PID', '2131'), ('DBUS_SESSION_BUS_ADDRESS', 'unix:path=/run/user/1000/bus'), ('COLORTERM', 'truecolor'), ('COLCON_PREFIX_PATH', '/home/liv/helios_ws/install:/home/liv/41068_ws/install'), ('ROS_DISTRO', 'humble'), ('GTK_IM_MODULE', 'ibus'), ('LOGNAME', 'liv'), ('IGN_GUI_PLUGIN_PATH', '/usr/lib/x86_64-linux-gnu/ign-gui-6/plugins:'), ('_', '/usr/bin/colcon'), ('ROS_VERSION', '2'), ('XDG_SESSION_CLASS', 'user'), ('USERNAME', 'liv'), ('TERM', 'xterm-256color'), ('GNOME_DESKTOP_SESSION_ID', 'this-is-deprecated'), ('ROS_LOCALHOST_ONLY', '1'), ('WINDOWPATH', '2'), ('PATH', '/opt/ros/humble/bin:/home/liv/.local/bin:/usr/local/sbin:/usr/local/bin:/usr/sbin:/usr/bin:/sbin:/bin:/usr/games:/usr/local/games:/snap/bin:/snap/bin'), ('SESSION_MANAGER', 'local/raspberry:@/tmp/.ICE-unix/2104,unix/raspberry:/tmp/.ICE-unix/2104'), ('XDG_MENU_PREFIX', 'gnome-'), ('GNOME_TERMINAL_SCREEN', '/org/gnome/Terminal/screen/4fc54a38_95ef_47da_a48e_b1e0cf73b975'), ('XDG_RUNTIME_DIR', '/run/user/1000'), ('DISPLAY', ':0'), ('LANG', 'en_US.UTF-8'), ('XDG_CURRENT_DESKTOP', 'ubuntu:GNOME'), ('XMODIFIERS', '@im=ibus'), ('XDG_SESSION_DESKTOP', 'ubuntu-xorg'), ('XAUTHORITY', '/run/user/1000/gdm/Xauthority'), ('LS_COLORS', 'rs=0:di=01;34:ln=01;36:mh=00:pi=40;33:so=01;35:do=01;35:bd=40;33;01:cd=40;33;01:or=40;31;01:mi=00:su=37;41:sg=30;43:ca=30;41:tw=30;42:ow=34;42:st=37;44:ex=01;32:*.tar=01;31:*.tgz=01;31:*.arc=01;31:*.arj=01;31:*.taz=01;31:*.lha=01;31:*.lz4=01;31:*.lzh=01;31:*.lzma=01;31:*.tlz=01;31:*.txz=01;31:*.tzo=01;31:*.t7z=01;31:*.zip=01;31:*.z=01;31:*.dz=01;31:*.gz=01;31:*.lrz=01;31:*.lz=01;31:*.lzo=01;31:*.xz=01;31:*.zst=01;31:*.tzst=01;31:*.bz2=01;31:*.bz=01;31:*.tbz=01;31:*.tbz2=01;31:*.tz=01;31:*.deb=01;31:*.rpm=01;31:*.jar=01;31:*.war=01;31:*.ear=01;31:*.sar=01;31:*.rar=01;31:*.alz=01;31:*.ace=01;31:*.zoo=01;31:*.cpio=01;31:*.7z=01;31:*.rz=01;31:*.cab=01;31:*.wim=01;31:*.swm=01;31:*.dwm=01;31:*.esd=01;31:*.jpg=01;35:*.jpeg=01;35:*.mjpg=01;35:*.mjpeg=01;35:*.gif=01;35:*.bmp=01;35:*.pbm=01;35:*.pgm=01;35:*.ppm=01;35:*.tga=01;35:*.xbm=01;35:*.xpm=01;35:*.tif=01;35:*.tiff=01;35:*.png=01;35:*.svg=01;35:*.svgz=01;35:*.mng=01;35:*.pcx=01;35:*.mov=01;35:*.mpg=01;35:*.mpeg=01;35:*.m2v=01;35:*.mkv=01;35:*.webm=01;35:*.webp=01;35:*.ogm=01;35:*.mp4=01;35:*.m4v=01;35:*.mp4v=01;35:*.vob=01;35:*.qt=01;35:*.nuv=01;35:*.wmv=01;35:*.asf=01;35:*.rm=01;35:*.rmvb=01;35:*.flc=01;35:*.avi=01;35:*.fli=01;35:*.flv=01;35:*.gl=01;35:*.dl=01;35:*.xcf=01;35:*.xwd=01;35:*.yuv=01;35:*.cgm=01;35:*.emf=01;35:*.ogv=01;35:*.ogx=01;35:*.aac=00;36:*.au=00;36:*.flac=00;36:*.m4a=00;36:*.mid=00;36:*.midi=00;36:*.mka=00;36:*.mp3=00;36:*.mpc=00;36:*.ogg=00;36:*.ra=00;36:*.wav=00;36:*.oga=00;36:*.opus=00;36:*.spx=00;36:*.xspf=00;36:'), ('GNOME_TERMINAL_SERVICE', ':1.94'), ('SSH_AGENT_LAUNCHER', 'gnome-keyring'), ('SSH_AUTH_SOCK', '/run/user/1000/keyring/ssh'), ('AMENT_PREFIX_PATH', '/home/liv/argos_ws/install/ur_description:/home/liv/helios_ws/install/fire_sim:/home/liv/helios_ws/install/fire_sensors:/home/liv/helios_ws/install/fire_satellite:/home/liv/helios_ws/install/fire_drone:/home/liv/helios_ws/install/fire_autonomy:/home/liv/helios_ws/install/41068_ignition_bringup:/home/liv/41068_ws/install/41068_ignition_bringup:/opt/ros/humble'), ('SHELL', '/bin/bash'), ('QT_ACCESSIBILITY', '1'), ('GDMSESSION', 'ubuntu-xorg'), ('LESSCLOSE', '/usr/bin/lesspipe %s %s'), ('IGN_GAZEBO_RESOURCE_PATH', '/home/liv/rob1/helios_ws/src/helios_src/models:'), ('GPG_AGENT_INFO', '/run/user/1000/gnupg/S.gpg-agent:0:1'), ('QT_IM_MODULE', 'ibus'), ('PWD', '/home/liv/argos_ws/build/ur_simulation_gazebo'), ('LC_ALL', 'en_US.UTF-8'), ('XDG_CONFIG_DIRS', '/etc/xdg/xdg-ubuntu-xorg:/etc/xdg'), ('XDG_DATA_DIRS', '/usr/share/ubuntu-xorg:/usr/share/gnome:/usr/local/share/:/usr/share/:/var/lib/snapd/desktop'), ('PYTHONPATH', '/home/liv/helios_ws/install/fire_sim/lib/python3.10/site-packages:/opt/ros/humble/lib/python3.10/site-packages:/opt/ros/humble/local/lib/python3.10/dist-packages'), ('COLCON', '1'), ('VTE_VERSION', '6800'), ('CMAKE_PREFIX_PATH', '/home/liv/argos_ws/install/ur_description:/home/liv/helios_ws/install/fire_sensors:/home/liv/helios_ws/install/fire_satellite:/home/liv/helios_ws/install/fire_drone:/home/liv/helios_ws/install/fire_autonomy:/home/liv/helios_ws/install/41068_ignition_bringup:/home/liv/41068_ws/install/41068_ignition_bringup:/home/liv/helios_ws/install/fire_sim:/opt/ros/humble')]), 'shell': False}
[0.835052] (ur_simulation_gz) StdoutLine: {'line': b'-- Configuring done\n'}
[0.837217] (ur_simulation_gz) StdoutLine: {'line': b'-- Generating done\n'}
[0.838104] (ur_simulation_gz) StdoutLine: {'line': b'-- Build files have been written to: /home/liv/argos_ws/build/ur_simulation_gz\n'}
[0.839887] (ur_simulation_gz) CommandEnded: {'returncode': 0}
[0.840434] (ur_simulation_gz) JobProgress: {'identifier': 'ur_simulation_gz', 'progress': 'build'}
[0.840719] (ur_simulation_gz) Command: {'cmd': ['/usr/bin/cmake', '--build', '/home/liv/argos_ws/build/ur_simulation_gz', '--', '-j24', '-l24'], 'cwd': '/home/liv/argos_ws/build/ur_simulation_gz', 'env': OrderedDict([('LESSOPEN', '| /usr/bin/lesspipe %s'), ('LANGUAGE', 'en_AU:en'), ('USER', 'liv'), ('XDG_SESSION_TYPE', 'x11'), ('SHLVL', '1'), ('LD_LIBRARY_PATH', '/opt/ros/humble/opt/rviz_ogre_vendor/lib:/opt/ros/humble/lib/x86_64-linux-gnu:/opt/ros/humble/lib'), ('HELIOS_MODELS', '/home/liv/rob1/helios_ws/src/helios_src/models'), ('HOME', '/home/liv'), ('OLDPWD', '/home/liv/argos_ws/src'), ('DESKTOP_SESSION', 'ubuntu-xorg'), ('ROS_PYTHON_VERSION', '3'), ('GNOME_SHELL_SESSION_MODE', 'ubuntu'), ('GTK_MODULES', 'gail:atk-bridge'), ('SYSTEMD_EXEC_PID', '2131'), ('DBUS_SESSION_BUS_ADDRESS', 'unix:path=/run/user/1000/bus'), ('COLORTERM', 'truecolor'), ('COLCON_PREFIX_PATH', '/home/liv/helios_ws/install:/home/liv/41068_ws/install'), ('ROS_DISTRO', 'humble'), ('GTK_IM_MODULE', 'ibus'), ('LOGNAME', 'liv'), ('IGN_GUI_PLUGIN_PATH', '/usr/lib/x86_64-linux-gnu/ign-gui-6/plugins:'), ('_', '/usr/bin/colcon'), ('ROS_VERSION', '2'), ('XDG_SESSION_CLASS', 'user'), ('USERNAME', 'liv'), ('TERM', 'xterm-256color'), ('GNOME_DESKTOP_SESSION_ID', 'this-is-deprecated'), ('ROS_LOCALHOST_ONLY', '1'), ('WINDOWPATH', '2'), ('PATH', '/opt/ros/humble/bin:/home/liv/.local/bin:/usr/local/sbin:/usr/local/bin:/usr/sbin:/usr/bin:/sbin:/bin:/usr/games:/usr/local/games:/snap/bin:/snap/bin'), ('SESSION_MANAGER', 'local/raspberry:@/tmp/.ICE-unix/2104,unix/raspberry:/tmp/.ICE-unix/2104'), ('XDG_MENU_PREFIX', 'gnome-'), ('GNOME_TERMINAL_SCREEN', '/org/gnome/Terminal/screen/4fc54a38_95ef_47da_a48e_b1e0cf73b975'), ('XDG_RUNTIME_DIR', '/run/user/1000'), ('DISPLAY', ':0'), ('LANG', 'en_US.UTF-8'), ('XDG_CURRENT_DESKTOP', 'ubuntu:GNOME'), ('XMODIFIERS', '@im=ibus'), ('XDG_SESSION_DESKTOP', 'ubuntu-xorg'), ('XAUTHORITY', '/run/user/1000/gdm/Xauthority'), ('LS_COLORS', 'rs=0:di=01;34:ln=01;36:mh=00:pi=40;33:so=01;35:do=01;35:bd=40;33;01:cd=40;33;01:or=40;31;01:mi=00:su=37;41:sg=30;43:ca=30;41:tw=30;42:ow=34;42:st=37;44:ex=01;32:*.tar=01;31:*.tgz=01;31:*.arc=01;31:*.arj=01;31:*.taz=01;31:*.lha=01;31:*.lz4=01;31:*.lzh=01;31:*.lzma=01;31:*.tlz=01;31:*.txz=01;31:*.tzo=01;31:*.t7z=01;31:*.zip=01;31:*.z=01;31:*.dz=01;31:*.gz=01;31:*.lrz=01;31:*.lz=01;31:*.lzo=01;31:*.xz=01;31:*.zst=01;31:*.tzst=01;31:*.bz2=01;31:*.bz=01;31:*.tbz=01;31:*.tbz2=01;31:*.tz=01;31:*.deb=01;31:*.rpm=01;31:*.jar=01;31:*.war=01;31:*.ear=01;31:*.sar=01;31:*.rar=01;31:*.alz=01;31:*.ace=01;31:*.zoo=01;31:*.cpio=01;31:*.7z=01;31:*.rz=01;31:*.cab=01;31:*.wim=01;31:*.swm=01;31:*.dwm=01;31:*.esd=01;31:*.jpg=01;35:*.jpeg=01;35:*.mjpg=01;35:*.mjpeg=01;35:*.gif=01;35:*.bmp=01;35:*.pbm=01;35:*.pgm=01;35:*.ppm=01;35:*.tga=01;35:*.xbm=01;35:*.xpm=01;35:*.tif=01;35:*.tiff=01;35:*.png=01;35:*.svg=01;35:*.svgz=01;35:*.mng=01;35:*.pcx=01;35:*.mov=01;35:*.mpg=01;35:*.mpeg=01;35:*.m2v=01;35:*.mkv=01;35:*.webm=01;35:*.webp=01;35:*.ogm=01;35:*.mp4=01;35:*.m4v=01;35:*.mp4v=01;35:*.vob=01;35:*.qt=01;35:*.nuv=01;35:*.wmv=01;35:*.asf=01;35:*.rm=01;35:*.rmvb=01;35:*.flc=01;35:*.avi=01;35:*.fli=01;35:*.flv=01;35:*.gl=01;35:*.dl=01;35:*.xcf=01;35:*.xwd=01;35:*.yuv=01;35:*.cgm=01;35:*.emf=01;35:*.ogv=01;35:*.ogx=01;35:*.aac=00;36:*.au=00;36:*.flac=00;36:*.m4a=00;36:*.mid=00;36:*.midi=00;36:*.mka=00;36:*.mp3=00;36:*.mpc=00;36:*.ogg=00;36:*.ra=00;36:*.wav=00;36:*.oga=00;36:*.opus=00;36:*.spx=00;36:*.xspf=00;36:'), ('GNOME_TERMINAL_SERVICE', ':1.94'), ('SSH_AGENT_LAUNCHER', 'gnome-keyring'), ('SSH_AUTH_SOCK', '/run/user/1000/keyring/ssh'), ('AMENT_PREFIX_PATH', '/home/liv/argos_ws/install/ur_description:/home/liv/helios_ws/install/fire_sim:/home/liv/helios_ws/install/fire_sensors:/home/liv/helios_ws/install/fire_satellite:/home/liv/helios_ws/install/fire_drone:/home/liv/helios_ws/install/fire_autonomy:/home/liv/helios_ws/install/41068_ignition_bringup:/home/liv/41068_ws/install/41068_ignition_bringup:/opt/ros/humble'), ('SHELL', '/bin/bash'), ('QT_ACCESSIBILITY', '1'), ('GDMSESSION', 'ubuntu-xorg'), ('LESSCLOSE', '/usr/bin/lesspipe %s %s'), ('IGN_GAZEBO_RESOURCE_PATH', '/home/liv/rob1/helios_ws/src/helios_src/models:'), ('GPG_AGENT_INFO', '/run/user/1000/gnupg/S.gpg-agent:0:1'), ('QT_IM_MODULE', 'ibus'), ('PWD', '/home/liv/argos_ws/build/ur_simulation_gz'), ('LC_ALL', 'en_US.UTF-8'), ('XDG_CONFIG_DIRS', '/etc/xdg/xdg-ubuntu-xorg:/etc/xdg'), ('XDG_DATA_DIRS', '/usr/share/ubuntu-xorg:/usr/share/gnome:/usr/local/share/:/usr/share/:/var/lib/snapd/desktop'), ('PYTHONPATH', '/home/liv/helios_ws/install/fire_sim/lib/python3.10/site-packages:/opt/ros/humble/lib/python3.10/site-packages:/opt/ros/humble/local/lib/python3.10/dist-packages'), ('COLCON', '1'), ('VTE_VERSION', '6800'), ('CMAKE_PREFIX_PATH', '/home/liv/argos_ws/install/ur_description:/home/liv/helios_ws/install/fire_sensors:/home/liv/helios_ws/install/fire_satellite:/home/liv/helios_ws/install/fire_drone:/home/liv/helios_ws/install/fire_autonomy:/home/liv/helios_ws/install/41068_ignition_bringup:/home/liv/41068_ws/install/41068_ignition_bringup:/home/liv/helios_ws/install/fire_sim:/opt/ros/humble')]), 'shell': False}
[0.858183] (ur_simulation_gazebo) CommandEnded: {'returncode': 0}
[0.858939] (ur_simulation_gazebo) JobProgress: {'identifier': 'ur_simulation_gazebo', 'progress': 'install'}
[0.859314] (ur_simulation_gazebo) Command: {'cmd': ['/usr/bin/cmake', '--install', '/home/liv/argos_ws/build/ur_simulation_gazebo'], 'cwd': '/home/liv/argos_ws/build/ur_simulation_gazebo', 'env': OrderedDict([('LESSOPEN', '| /usr/bin/lesspipe %s'), ('LANGUAGE', 'en_AU:en'), ('USER', 'liv'), ('XDG_SESSION_TYPE', 'x11'), ('SHLVL', '1'), ('LD_LIBRARY_PATH', '/opt/ros/humble/opt/rviz_ogre_vendor/lib:/opt/ros/humble/lib/x86_64-linux-gnu:/opt/ros/humble/lib'), ('HELIOS_MODELS', '/home/liv/rob1/helios_ws/src/helios_src/models'), ('HOME', '/home/liv'), ('OLDPWD', '/home/liv/argos_ws/src'), ('DESKTOP_SESSION', 'ubuntu-xorg'), ('ROS_PYTHON_VERSION', '3'), ('GNOME_SHELL_SESSION_MODE', 'ubuntu'), ('GTK_MODULES', 'gail:atk-bridge'), ('SYSTEMD_EXEC_PID', '2131'), ('DBUS_SESSION_BUS_ADDRESS', 'unix:path=/run/user/1000/bus'), ('COLORTERM', 'truecolor'), ('COLCON_PREFIX_PATH', '/home/liv/helios_ws/install:/home/liv/41068_ws/install'), ('ROS_DISTRO', 'humble'), ('GTK_IM_MODULE', 'ibus'), ('LOGNAME', 'liv'), ('IGN_GUI_PLUGIN_PATH', '/usr/lib/x86_64-linux-gnu/ign-gui-6/plugins:'), ('_', '/usr/bin/colcon'), ('ROS_VERSION', '2'), ('XDG_SESSION_CLASS', 'user'), ('USERNAME', 'liv'), ('TERM', 'xterm-256color'), ('GNOME_DESKTOP_SESSION_ID', 'this-is-deprecated'), ('ROS_LOCALHOST_ONLY', '1'), ('WINDOWPATH', '2'), ('PATH', '/opt/ros/humble/bin:/home/liv/.local/bin:/usr/local/sbin:/usr/local/bin:/usr/sbin:/usr/bin:/sbin:/bin:/usr/games:/usr/local/games:/snap/bin:/snap/bin'), ('SESSION_MANAGER', 'local/raspberry:@/tmp/.ICE-unix/2104,unix/raspberry:/tmp/.ICE-unix/2104'), ('XDG_MENU_PREFIX', 'gnome-'), ('GNOME_TERMINAL_SCREEN', '/org/gnome/Terminal/screen/4fc54a38_95ef_47da_a48e_b1e0cf73b975'), ('XDG_RUNTIME_DIR', '/run/user/1000'), ('DISPLAY', ':0'), ('LANG', 'en_US.UTF-8'), ('XDG_CURRENT_DESKTOP', 'ubuntu:GNOME'), ('XMODIFIERS', '@im=ibus'), ('XDG_SESSION_DESKTOP', 'ubuntu-xorg'), ('XAUTHORITY', '/run/user/1000/gdm/Xauthority'), ('LS_COLORS', 'rs=0:di=01;34:ln=01;36:mh=00:pi=40;33:so=01;35:do=01;35:bd=40;33;01:cd=40;33;01:or=40;31;01:mi=00:su=37;41:sg=30;43:ca=30;41:tw=30;42:ow=34;42:st=37;44:ex=01;32:*.tar=01;31:*.tgz=01;31:*.arc=01;31:*.arj=01;31:*.taz=01;31:*.lha=01;31:*.lz4=01;31:*.lzh=01;31:*.lzma=01;31:*.tlz=01;31:*.txz=01;31:*.tzo=01;31:*.t7z=01;31:*.zip=01;31:*.z=01;31:*.dz=01;31:*.gz=01;31:*.lrz=01;31:*.lz=01;31:*.lzo=01;31:*.xz=01;31:*.zst=01;31:*.tzst=01;31:*.bz2=01;31:*.bz=01;31:*.tbz=01;31:*.tbz2=01;31:*.tz=01;31:*.deb=01;31:*.rpm=01;31:*.jar=01;31:*.war=01;31:*.ear=01;31:*.sar=01;31:*.rar=01;31:*.alz=01;31:*.ace=01;31:*.zoo=01;31:*.cpio=01;31:*.7z=01;31:*.rz=01;31:*.cab=01;31:*.wim=01;31:*.swm=01;31:*.dwm=01;31:*.esd=01;31:*.jpg=01;35:*.jpeg=01;35:*.mjpg=01;35:*.mjpeg=01;35:*.gif=01;35:*.bmp=01;35:*.pbm=01;35:*.pgm=01;35:*.ppm=01;35:*.tga=01;35:*.xbm=01;35:*.xpm=01;35:*.tif=01;35:*.tiff=01;35:*.png=01;35:*.svg=01;35:*.svgz=01;35:*.mng=01;35:*.pcx=01;35:*.mov=01;35:*.mpg=01;35:*.mpeg=01;35:*.m2v=01;35:*.mkv=01;35:*.webm=01;35:*.webp=01;35:*.ogm=01;35:*.mp4=01;35:*.m4v=01;35:*.mp4v=01;35:*.vob=01;35:*.qt=01;35:*.nuv=01;35:*.wmv=01;35:*.asf=01;35:*.rm=01;35:*.rmvb=01;35:*.flc=01;35:*.avi=01;35:*.fli=01;35:*.flv=01;35:*.gl=01;35:*.dl=01;35:*.xcf=01;35:*.xwd=01;35:*.yuv=01;35:*.cgm=01;35:*.emf=01;35:*.ogv=01;35:*.ogx=01;35:*.aac=00;36:*.au=00;36:*.flac=00;36:*.m4a=00;36:*.mid=00;36:*.midi=00;36:*.mka=00;36:*.mp3=00;36:*.mpc=00;36:*.ogg=00;36:*.ra=00;36:*.wav=00;36:*.oga=00;36:*.opus=00;36:*.spx=00;36:*.xspf=00;36:'), ('GNOME_TERMINAL_SERVICE', ':1.94'), ('SSH_AGENT_LAUNCHER', 'gnome-keyring'), ('SSH_AUTH_SOCK', '/run/user/1000/keyring/ssh'), ('AMENT_PREFIX_PATH', '/home/liv/argos_ws/install/ur_description:/home/liv/helios_ws/install/fire_sim:/home/liv/helios_ws/install/fire_sensors:/home/liv/helios_ws/install/fire_satellite:/home/liv/helios_ws/install/fire_drone:/home/liv/helios_ws/install/fire_autonomy:/home/liv/helios_ws/install/41068_ignition_bringup:/home/liv/41068_ws/install/41068_ignition_bringup:/opt/ros/humble'), ('SHELL', '/bin/bash'), ('QT_ACCESSIBILITY', '1'), ('GDMSESSION', 'ubuntu-xorg'), ('LESSCLOSE', '/usr/bin/lesspipe %s %s'), ('IGN_GAZEBO_RESOURCE_PATH', '/home/liv/rob1/helios_ws/src/helios_src/models:'), ('GPG_AGENT_INFO', '/run/user/1000/gnupg/S.gpg-agent:0:1'), ('QT_IM_MODULE', 'ibus'), ('PWD', '/home/liv/argos_ws/build/ur_simulation_gazebo'), ('LC_ALL', 'en_US.UTF-8'), ('XDG_CONFIG_DIRS', '/etc/xdg/xdg-ubuntu-xorg:/etc/xdg'), ('XDG_DATA_DIRS', '/usr/share/ubuntu-xorg:/usr/share/gnome:/usr/local/share/:/usr/share/:/var/lib/snapd/desktop'), ('PYTHONPATH', '/home/liv/helios_ws/install/fire_sim/lib/python3.10/site-packages:/opt/ros/humble/lib/python3.10/site-packages:/opt/ros/humble/local/lib/python3.10/dist-packages'), ('COLCON', '1'), ('VTE_VERSION', '6800'), ('CMAKE_PREFIX_PATH', '/home/liv/argos_ws/install/ur_description:/home/liv/helios_ws/install/fire_sensors:/home/liv/helios_ws/install/fire_satellite:/home/liv/helios_ws/install/fire_drone:/home/liv/helios_ws/install/fire_autonomy:/home/liv/helios_ws/install/41068_ignition_bringup:/home/liv/41068_ws/install/41068_ignition_bringup:/home/liv/helios_ws/install/fire_sim:/opt/ros/humble')]), 'shell': False}
[0.866129] (ur_simulation_gazebo) StdoutLine: {'line': b'-- Install configuration: ""\n'}
[0.866554] (ur_simulation_gazebo) StdoutLine: {'line': b'-- Execute custom install script\n'}
[0.866724] (ur_simulation_gazebo) StdoutLine: {'line': b'-- Up-to-date symlink: /home/liv/argos_ws/install/ur_simulation_gazebo/share/ur_simulation_gazebo/config/ur_controllers.yaml\n'}
[0.867178] (ur_simulation_gazebo) StdoutLine: {'line': b'-- Up-to-date symlink: /home/liv/argos_ws/install/ur_simulation_gazebo/share/ur_simulation_gazebo/launch/ur_sim_control.launch.py\n'}
[0.867217] (ur_simulation_gazebo) StdoutLine: {'line': b'-- Up-to-date symlink: /home/liv/argos_ws/install/ur_simulation_gazebo/share/ur_simulation_gazebo/launch/ur_sim_moveit.launch.py\n'}
[0.867385] (ur_simulation_gazebo) StdoutLine: {'line': b'-- Up-to-date symlink: /home/liv/argos_ws/install/ur_simulation_gazebo/share/ament_index/resource_index/package_run_dependencies/ur_simulation_gazebo\n'}
[0.867417] (ur_simulation_gazebo) StdoutLine: {'line': b'-- Up-to-date symlink: /home/liv/argos_ws/install/ur_simulation_gazebo/share/ament_index/resource_index/parent_prefix_path/ur_simulation_gazebo\n'}
[0.867491] (ur_simulation_gazebo) StdoutLine: {'line': b'-- Up-to-date symlink: /home/liv/argos_ws/install/ur_simulation_gazebo/share/ur_simulation_gazebo/environment/ament_prefix_path.sh\n'}
[0.867615] (ur_simulation_gazebo) StdoutLine: {'line': b'-- Up-to-date symlink: /home/liv/argos_ws/install/ur_simulation_gazebo/share/ur_simulation_gazebo/environment/ament_prefix_path.dsv\n'}
[0.867749] (ur_simulation_gazebo) StdoutLine: {'line': b'-- Up-to-date symlink: /home/liv/argos_ws/install/ur_simulation_gazebo/share/ur_simulation_gazebo/environment/path.sh\n'}
[0.867999] (ur_simulation_gazebo) StdoutLine: {'line': b'-- Up-to-date symlink: /home/liv/argos_ws/install/ur_simulation_gazebo/share/ur_simulation_gazebo/environment/path.dsv\n'}
[0.868062] (ur_simulation_gazebo) StdoutLine: {'line': b'-- Up-to-date symlink: /home/liv/argos_ws/install/ur_simulation_gazebo/share/ur_simulation_gazebo/local_setup.bash\n'}
[0.868168] (ur_simulation_gazebo) StdoutLine: {'line': b'-- Up-to-date symlink: /home/liv/argos_ws/install/ur_simulation_gazebo/share/ur_simulation_gazebo/local_setup.sh\n'}
[0.868290] (ur_simulation_gazebo) StdoutLine: {'line': b'-- Up-to-date symlink: /home/liv/argos_ws/install/ur_simulation_gazebo/share/ur_simulation_gazebo/local_setup.zsh\n'}
[0.868410] (ur_simulation_gazebo) StdoutLine: {'line': b'-- Up-to-date symlink: /home/liv/argos_ws/install/ur_simulation_gazebo/share/ur_simulation_gazebo/local_setup.dsv\n'}
[0.868510] (ur_simulation_gazebo) StdoutLine: {'line': b'-- Symlinking: /home/liv/argos_ws/install/ur_simulation_gazebo/share/ur_simulation_gazebo/package.dsv\n'}
[0.871551] (ur_simulation_gz) CommandEnded: {'returncode': 0}
[0.872338] (ur_simulation_gz) JobProgress: {'identifier': 'ur_simulation_gz', 'progress': 'install'}
[0.872586] (ur_simulation_gz) Command: {'cmd': ['/usr/bin/cmake', '--install', '/home/liv/argos_ws/build/ur_simulation_gz'], 'cwd': '/home/liv/argos_ws/build/ur_simulation_gz', 'env': OrderedDict([('LESSOPEN', '| /usr/bin/lesspipe %s'), ('LANGUAGE', 'en_AU:en'), ('USER', 'liv'), ('XDG_SESSION_TYPE', 'x11'), ('SHLVL', '1'), ('LD_LIBRARY_PATH', '/opt/ros/humble/opt/rviz_ogre_vendor/lib:/opt/ros/humble/lib/x86_64-linux-gnu:/opt/ros/humble/lib'), ('HELIOS_MODELS', '/home/liv/rob1/helios_ws/src/helios_src/models'), ('HOME', '/home/liv'), ('OLDPWD', '/home/liv/argos_ws/src'), ('DESKTOP_SESSION', 'ubuntu-xorg'), ('ROS_PYTHON_VERSION', '3'), ('GNOME_SHELL_SESSION_MODE', 'ubuntu'), ('GTK_MODULES', 'gail:atk-bridge'), ('SYSTEMD_EXEC_PID', '2131'), ('DBUS_SESSION_BUS_ADDRESS', 'unix:path=/run/user/1000/bus'), ('COLORTERM', 'truecolor'), ('COLCON_PREFIX_PATH', '/home/liv/helios_ws/install:/home/liv/41068_ws/install'), ('ROS_DISTRO', 'humble'), ('GTK_IM_MODULE', 'ibus'), ('LOGNAME', 'liv'), ('IGN_GUI_PLUGIN_PATH', '/usr/lib/x86_64-linux-gnu/ign-gui-6/plugins:'), ('_', '/usr/bin/colcon'), ('ROS_VERSION', '2'), ('XDG_SESSION_CLASS', 'user'), ('USERNAME', 'liv'), ('TERM', 'xterm-256color'), ('GNOME_DESKTOP_SESSION_ID', 'this-is-deprecated'), ('ROS_LOCALHOST_ONLY', '1'), ('WINDOWPATH', '2'), ('PATH', '/opt/ros/humble/bin:/home/liv/.local/bin:/usr/local/sbin:/usr/local/bin:/usr/sbin:/usr/bin:/sbin:/bin:/usr/games:/usr/local/games:/snap/bin:/snap/bin'), ('SESSION_MANAGER', 'local/raspberry:@/tmp/.ICE-unix/2104,unix/raspberry:/tmp/.ICE-unix/2104'), ('XDG_MENU_PREFIX', 'gnome-'), ('GNOME_TERMINAL_SCREEN', '/org/gnome/Terminal/screen/4fc54a38_95ef_47da_a48e_b1e0cf73b975'), ('XDG_RUNTIME_DIR', '/run/user/1000'), ('DISPLAY', ':0'), ('LANG', 'en_US.UTF-8'), ('XDG_CURRENT_DESKTOP', 'ubuntu:GNOME'), ('XMODIFIERS', '@im=ibus'), ('XDG_SESSION_DESKTOP', 'ubuntu-xorg'), ('XAUTHORITY', '/run/user/1000/gdm/Xauthority'), ('LS_COLORS', 'rs=0:di=01;34:ln=01;36:mh=00:pi=40;33:so=01;35:do=01;35:bd=40;33;01:cd=40;33;01:or=40;31;01:mi=00:su=37;41:sg=30;43:ca=30;41:tw=30;42:ow=34;42:st=37;44:ex=01;32:*.tar=01;31:*.tgz=01;31:*.arc=01;31:*.arj=01;31:*.taz=01;31:*.lha=01;31:*.lz4=01;31:*.lzh=01;31:*.lzma=01;31:*.tlz=01;31:*.txz=01;31:*.tzo=01;31:*.t7z=01;31:*.zip=01;31:*.z=01;31:*.dz=01;31:*.gz=01;31:*.lrz=01;31:*.lz=01;31:*.lzo=01;31:*.xz=01;31:*.zst=01;31:*.tzst=01;31:*.bz2=01;31:*.bz=01;31:*.tbz=01;31:*.tbz2=01;31:*.tz=01;31:*.deb=01;31:*.rpm=01;31:*.jar=01;31:*.war=01;31:*.ear=01;31:*.sar=01;31:*.rar=01;31:*.alz=01;31:*.ace=01;31:*.zoo=01;31:*.cpio=01;31:*.7z=01;31:*.rz=01;31:*.cab=01;31:*.wim=01;31:*.swm=01;31:*.dwm=01;31:*.esd=01;31:*.jpg=01;35:*.jpeg=01;35:*.mjpg=01;35:*.mjpeg=01;35:*.gif=01;35:*.bmp=01;35:*.pbm=01;35:*.pgm=01;35:*.ppm=01;35:*.tga=01;35:*.xbm=01;35:*.xpm=01;35:*.tif=01;35:*.tiff=01;35:*.png=01;35:*.svg=01;35:*.svgz=01;35:*.mng=01;35:*.pcx=01;35:*.mov=01;35:*.mpg=01;35:*.mpeg=01;35:*.m2v=01;35:*.mkv=01;35:*.webm=01;35:*.webp=01;35:*.ogm=01;35:*.mp4=01;35:*.m4v=01;35:*.mp4v=01;35:*.vob=01;35:*.qt=01;35:*.nuv=01;35:*.wmv=01;35:*.asf=01;35:*.rm=01;35:*.rmvb=01;35:*.flc=01;35:*.avi=01;35:*.fli=01;35:*.flv=01;35:*.gl=01;35:*.dl=01;35:*.xcf=01;35:*.xwd=01;35:*.yuv=01;35:*.cgm=01;35:*.emf=01;35:*.ogv=01;35:*.ogx=01;35:*.aac=00;36:*.au=00;36:*.flac=00;36:*.m4a=00;36:*.mid=00;36:*.midi=00;36:*.mka=00;36:*.mp3=00;36:*.mpc=00;36:*.ogg=00;36:*.ra=00;36:*.wav=00;36:*.oga=00;36:*.opus=00;36:*.spx=00;36:*.xspf=00;36:'), ('GNOME_TERMINAL_SERVICE', ':1.94'), ('SSH_AGENT_LAUNCHER', 'gnome-keyring'), ('SSH_AUTH_SOCK', '/run/user/1000/keyring/ssh'), ('AMENT_PREFIX_PATH', '/home/liv/argos_ws/install/ur_description:/home/liv/helios_ws/install/fire_sim:/home/liv/helios_ws/install/fire_sensors:/home/liv/helios_ws/install/fire_satellite:/home/liv/helios_ws/install/fire_drone:/home/liv/helios_ws/install/fire_autonomy:/home/liv/helios_ws/install/41068_ignition_bringup:/home/liv/41068_ws/install/41068_ignition_bringup:/opt/ros/humble'), ('SHELL', '/bin/bash'), ('QT_ACCESSIBILITY', '1'), ('GDMSESSION', 'ubuntu-xorg'), ('LESSCLOSE', '/usr/bin/lesspipe %s %s'), ('IGN_GAZEBO_RESOURCE_PATH', '/home/liv/rob1/helios_ws/src/helios_src/models:'), ('GPG_AGENT_INFO', '/run/user/1000/gnupg/S.gpg-agent:0:1'), ('QT_IM_MODULE', 'ibus'), ('PWD', '/home/liv/argos_ws/build/ur_simulation_gz'), ('LC_ALL', 'en_US.UTF-8'), ('XDG_CONFIG_DIRS', '/etc/xdg/xdg-ubuntu-xorg:/etc/xdg'), ('XDG_DATA_DIRS', '/usr/share/ubuntu-xorg:/usr/share/gnome:/usr/local/share/:/usr/share/:/var/lib/snapd/desktop'), ('PYTHONPATH', '/home/liv/helios_ws/install/fire_sim/lib/python3.10/site-packages:/opt/ros/humble/lib/python3.10/site-packages:/opt/ros/humble/local/lib/python3.10/dist-packages'), ('COLCON', '1'), ('VTE_VERSION', '6800'), ('CMAKE_PREFIX_PATH', '/home/liv/argos_ws/install/ur_description:/home/liv/helios_ws/install/fire_sensors:/home/liv/helios_ws/install/fire_satellite:/home/liv/helios_ws/install/fire_drone:/home/liv/helios_ws/install/fire_autonomy:/home/liv/helios_ws/install/41068_ignition_bringup:/home/liv/41068_ws/install/41068_ignition_bringup:/home/liv/helios_ws/install/fire_sim:/opt/ros/humble')]), 'shell': False}
[0.875910] (ur_simulation_gazebo) StdoutLine: {'line': b'-- Up-to-date symlink: /home/liv/argos_ws/install/ur_simulation_gazebo/share/ament_index/resource_index/packages/ur_simulation_gazebo\n'}
[0.876057] (ur_simulation_gazebo) StdoutLine: {'line': b'-- Up-to-date symlink: /home/liv/argos_ws/install/ur_simulation_gazebo/share/ur_simulation_gazebo/cmake/ur_simulation_gazeboConfig.cmake\n'}
[0.876093] (ur_simulation_gazebo) StdoutLine: {'line': b'-- Up-to-date symlink: /home/liv/argos_ws/install/ur_simulation_gazebo/share/ur_simulation_gazebo/cmake/ur_simulation_gazeboConfig-version.cmake\n'}
[0.876301] (ur_simulation_gazebo) StdoutLine: {'line': b'-- Up-to-date symlink: /home/liv/argos_ws/install/ur_simulation_gazebo/share/ur_simulation_gazebo/package.xml\n'}
[0.877682] (ur_simulation_gazebo) CommandEnded: {'returncode': 0}
[0.879066] (ur_simulation_gz) StdoutLine: {'line': b'-- Install configuration: ""\n'}
[0.879751] (ur_simulation_gz) StdoutLine: {'line': b'-- Execute custom install script\n'}
[0.879796] (ur_simulation_gz) StdoutLine: {'line': b'-- Up-to-date symlink: /home/liv/argos_ws/install/ur_simulation_gz/share/ur_simulation_gz/config/ur_controllers.yaml\n'}
[0.880420] (ur_simulation_gz) StdoutLine: {'line': b'-- Up-to-date symlink: /home/liv/argos_ws/install/ur_simulation_gz/share/ur_simulation_gz/launch/ur_sim_control.launch.py\n'}
[0.880519] (ur_simulation_gz) StdoutLine: {'line': b'-- Up-to-date symlink: /home/liv/argos_ws/install/ur_simulation_gz/share/ur_simulation_gz/launch/ur_sim_moveit.launch.py\n'}
[0.880558] (ur_simulation_gz) StdoutLine: {'line': b'-- Up-to-date symlink: /home/liv/argos_ws/install/ur_simulation_gz/share/ament_index/resource_index/package_run_dependencies/ur_simulation_gz\n'}
[0.880593] (ur_simulation_gz) StdoutLine: {'line': b'-- Up-to-date symlink: /home/liv/argos_ws/install/ur_simulation_gz/share/ament_index/resource_index/parent_prefix_path/ur_simulation_gz\n'}
[0.880759] (ur_simulation_gz) StdoutLine: {'line': b'-- Up-to-date symlink: /home/liv/argos_ws/install/ur_simulation_gz/share/ur_simulation_gz/environment/ament_prefix_path.sh\n'}
[0.880802] (ur_simulation_gz) StdoutLine: {'line': b'-- Up-to-date symlink: /home/liv/argos_ws/install/ur_simulation_gz/share/ur_simulation_gz/environment/ament_prefix_path.dsv\n'}
[0.880845] (ur_simulation_gz) StdoutLine: {'line': b'-- Up-to-date symlink: /home/liv/argos_ws/install/ur_simulation_gz/share/ur_simulation_gz/environment/path.sh\n'}
[0.881051] (ur_simulation_gz) StdoutLine: {'line': b'-- Up-to-date symlink: /home/liv/argos_ws/install/ur_simulation_gz/share/ur_simulation_gz/environment/path.dsv\n'}
[0.881139] (ur_simulation_gz) StdoutLine: {'line': b'-- Up-to-date symlink: /home/liv/argos_ws/install/ur_simulation_gz/share/ur_simulation_gz/local_setup.bash\n'}
[0.881222] (ur_simulation_gz) StdoutLine: {'line': b'-- Up-to-date symlink: /home/liv/argos_ws/install/ur_simulation_gz/share/ur_simulation_gz/local_setup.sh\n'}
[0.881264] (ur_simulation_gz) StdoutLine: {'line': b'-- Up-to-date symlink: /home/liv/argos_ws/install/ur_simulation_gz/share/ur_simulation_gz/local_setup.zsh\n'}
[0.881301] (ur_simulation_gz) StdoutLine: {'line': b'-- Up-to-date symlink: /home/liv/argos_ws/install/ur_simulation_gz/share/ur_simulation_gz/local_setup.dsv\n'}
[0.881467] (ur_simulation_gz) StdoutLine: {'line': b'-- Symlinking: /home/liv/argos_ws/install/ur_simulation_gz/share/ur_simulation_gz/package.dsv\n'}
[0.887251] (ur_simulation_gazebo) JobEnded: {'identifier': 'ur_simulation_gazebo', 'rc': 0}
[0.888026] (ur_simulation_gz) StdoutLine: {'line': b'-- Up-to-date symlink: /home/liv/argos_ws/install/ur_simulation_gz/share/ament_index/resource_index/packages/ur_simulation_gz\n'}
[0.888084] (ur_simulation_gz) StdoutLine: {'line': b'-- Up-to-date symlink: /home/liv/argos_ws/install/ur_simulation_gz/share/ur_simulation_gz/cmake/ur_simulation_gzConfig.cmake\n'}
[0.888254] (ur_simulation_gz) StdoutLine: {'line': b'-- Up-to-date symlink: /home/liv/argos_ws/install/ur_simulation_gz/share/ur_simulation_gz/cmake/ur_simulation_gzConfig-version.cmake\n'}
[0.888290] (ur_simulation_gz) StdoutLine: {'line': b'-- Up-to-date symlink: /home/liv/argos_ws/install/ur_simulation_gz/share/ur_simulation_gz/package.xml\n'}
[0.889664] (ur_simulation_gz) CommandEnded: {'returncode': 0}
[0.896852] (ur_simulation_gz) JobEnded: {'identifier': 'ur_simulation_gz', 'rc': 0}
[0.900934] (-) TimerEvent: {}
[1.001065] (-) TimerEvent: {}
[1.101435] (-) TimerEvent: {}
[1.111750] (cone_inspection) Command: {'cmd': ['/usr/bin/python3', '-W', 'ignore:setup.py install is deprecated', '-W', 'ignore:easy_install command is deprecated', 'setup.py', 'develop', '--editable', '--build-directory', '/home/liv/argos_ws/build/cone_inspection/build', '--no-deps', 'symlink_data'], 'cwd': '/home/liv/argos_ws/build/cone_inspection', 'env': OrderedDict([('LESSOPEN', '| /usr/bin/lesspipe %s'), ('LANGUAGE', 'en_AU:en'), ('USER', 'liv'), ('XDG_SESSION_TYPE', 'x11'), ('SHLVL', '1'), ('LD_LIBRARY_PATH', '/opt/ros/humble/opt/rviz_ogre_vendor/lib:/opt/ros/humble/lib/x86_64-linux-gnu:/opt/ros/humble/lib'), ('HELIOS_MODELS', '/home/liv/rob1/helios_ws/src/helios_src/models'), ('HOME', '/home/liv'), ('OLDPWD', '/home/liv/argos_ws/src'), ('DESKTOP_SESSION', 'ubuntu-xorg'), ('ROS_PYTHON_VERSION', '3'), ('GNOME_SHELL_SESSION_MODE', 'ubuntu'), ('GTK_MODULES', 'gail:atk-bridge'), ('SYSTEMD_EXEC_PID', '2131'), ('DBUS_SESSION_BUS_ADDRESS', 'unix:path=/run/user/1000/bus'), ('COLORTERM', 'truecolor'), ('COLCON_PREFIX_PATH', '/home/liv/helios_ws/install:/home/liv/41068_ws/install'), ('ROS_DISTRO', 'humble'), ('GTK_IM_MODULE', 'ibus'), ('LOGNAME', 'liv'), ('IGN_GUI_PLUGIN_PATH', '/usr/lib/x86_64-linux-gnu/ign-gui-6/plugins:'), ('_', '/usr/bin/colcon'), ('ROS_VERSION', '2'), ('XDG_SESSION_CLASS', 'user'), ('USERNAME', 'liv'), ('TERM', 'xterm-256color'), ('GNOME_DESKTOP_SESSION_ID', 'this-is-deprecated'), ('ROS_LOCALHOST_ONLY', '1'), ('WINDOWPATH', '2'), ('PATH', '/opt/ros/humble/bin:/home/liv/.local/bin:/usr/local/sbin:/usr/local/bin:/usr/sbin:/usr/bin:/sbin:/bin:/usr/games:/usr/local/games:/snap/bin:/snap/bin'), ('SESSION_MANAGER', 'local/raspberry:@/tmp/.ICE-unix/2104,unix/raspberry:/tmp/.ICE-unix/2104'), ('XDG_MENU_PREFIX', 'gnome-'), ('GNOME_TERMINAL_SCREEN', '/org/gnome/Terminal/screen/4fc54a38_95ef_47da_a48e_b1e0cf73b975'), ('XDG_RUNTIME_DIR', '/run/user/1000'), ('DISPLAY', ':0'), ('LANG', 'en_US.UTF-8'), ('XDG_CURRENT_DESKTOP', 'ubuntu:GNOME'), ('XMODIFIERS', '@im=ibus'), ('XDG_SESSION_DESKTOP', 'ubuntu-xorg'), ('XAUTHORITY', '/run/user/1000/gdm/Xauthority'), ('LS_COLORS', 'rs=0:di=01;34:ln=01;36:mh=00:pi=40;33:so=01;35:do=01;35:bd=40;33;01:cd=40;33;01:or=40;31;01:mi=00:su=37;41:sg=30;43:ca=30;41:tw=30;42:ow=34;42:st=37;44:ex=01;32:*.tar=01;31:*.tgz=01;31:*.arc=01;31:*.arj=01;31:*.taz=01;31:*.lha=01;31:*.lz4=01;31:*.lzh=01;31:*.lzma=01;31:*.tlz=01;31:*.txz=01;31:*.tzo=01;31:*.t7z=01;31:*.zip=01;31:*.z=01;31:*.dz=01;31:*.gz=01;31:*.lrz=01;31:*.lz=01;31:*.lzo=01;31:*.xz=01;31:*.zst=01;31:*.tzst=01;31:*.bz2=01;31:*.bz=01;31:*.tbz=01;31:*.tbz2=01;31:*.tz=01;31:*.deb=01;31:*.rpm=01;31:*.jar=01;31:*.war=01;31:*.ear=01;31:*.sar=01;31:*.rar=01;31:*.alz=01;31:*.ace=01;31:*.zoo=01;31:*.cpio=01;31:*.7z=01;31:*.rz=01;31:*.cab=01;31:*.wim=01;31:*.swm=01;31:*.dwm=01;31:*.esd=01;31:*.jpg=01;35:*.jpeg=01;35:*.mjpg=01;35:*.mjpeg=01;35:*.gif=01;35:*.bmp=01;35:*.pbm=01;35:*.pgm=01;35:*.ppm=01;35:*.tga=01;35:*.xbm=01;35:*.xpm=01;35:*.tif=01;35:*.tiff=01;35:*.png=01;35:*.svg=01;35:*.svgz=01;35:*.mng=01;35:*.pcx=01;35:*.mov=01;35:*.mpg=01;35:*.mpeg=01;35:*.m2v=01;35:*.mkv=01;35:*.webm=01;35:*.webp=01;35:*.ogm=01;35:*.mp4=01;35:*.m4v=01;35:*.mp4v=01;35:*.vob=01;35:*.qt=01;35:*.nuv=01;35:*.wmv=01;35:*.asf=01;35:*.rm=01;35:*.rmvb=01;35:*.flc=01;35:*.avi=01;35:*.fli=01;35:*.flv=01;35:*.gl=01;35:*.dl=01;35:*.xcf=01;35:*.xwd=01;35:*.yuv=01;35:*.cgm=01;35:*.emf=01;35:*.ogv=01;35:*.ogx=01;35:*.aac=00;36:*.au=00;36:*.flac=00;36:*.m4a=00;36:*.mid=00;36:*.midi=00;36:*.mka=00;36:*.mp3=00;36:*.mpc=00;36:*.ogg=00;36:*.ra=00;36:*.wav=00;36:*.oga=00;36:*.opus=00;36:*.spx=00;36:*.xspf=00;36:'), ('GNOME_TERMINAL_SERVICE', ':1.94'), ('SSH_AGENT_LAUNCHER', 'gnome-keyring'), ('SSH_AUTH_SOCK', '/run/user/1000/keyring/ssh'), ('AMENT_PREFIX_PATH', '/home/liv/argos_ws/install/ur_description:/home/liv/helios_ws/install/fire_sim:/home/liv/helios_ws/install/fire_sensors:/home/liv/helios_ws/install/fire_satellite:/home/liv/helios_ws/install/fire_drone:/home/liv/helios_ws/install/fire_autonomy:/home/liv/helios_ws/install/41068_ignition_bringup:/home/liv/41068_ws/install/41068_ignition_bringup:/opt/ros/humble'), ('SHELL', '/bin/bash'), ('QT_ACCESSIBILITY', '1'), ('GDMSESSION', 'ubuntu-xorg'), ('LESSCLOSE', '/usr/bin/lesspipe %s %s'), ('IGN_GAZEBO_RESOURCE_PATH', '/home/liv/rob1/helios_ws/src/helios_src/models:'), ('GPG_AGENT_INFO', '/run/user/1000/gnupg/S.gpg-agent:0:1'), ('QT_IM_MODULE', 'ibus'), ('PWD', '/home/liv/argos_ws/build/cone_inspection'), ('LC_ALL', 'en_US.UTF-8'), ('XDG_CONFIG_DIRS', '/etc/xdg/xdg-ubuntu-xorg:/etc/xdg'), ('XDG_DATA_DIRS', '/usr/share/ubuntu-xorg:/usr/share/gnome:/usr/local/share/:/usr/share/:/var/lib/snapd/desktop'), ('PYTHONPATH', '/home/liv/argos_ws/build/cone_inspection/prefix_override:/usr/lib/python3/dist-packages/colcon_core/task/python/colcon_distutils_commands:/home/liv/argos_ws/install/cone_inspection/lib/python3.10/site-packages:/home/liv/helios_ws/install/fire_sim/lib/python3.10/site-packages:/opt/ros/humble/lib/python3.10/site-packages:/opt/ros/humble/local/lib/python3.10/dist-packages'), ('COLCON', '1'), ('VTE_VERSION', '6800'), ('CMAKE_PREFIX_PATH', '/home/liv/argos_ws/install/ur_description:/home/liv/helios_ws/install/fire_sensors:/home/liv/helios_ws/install/fire_satellite:/home/liv/helios_ws/install/fire_drone:/home/liv/helios_ws/install/fire_autonomy:/home/liv/helios_ws/install/41068_ignition_bringup:/home/liv/41068_ws/install/41068_ignition_bringup')]), 'shell': False}
[1.201547] (-) TimerEvent: {}
[1.242245] (cone_inspection) StdoutLine: {'line': b'running develop\n'}
[1.301696] (-) TimerEvent: {}
[1.318652] (cone_inspection) StdoutLine: {'line': b'running egg_info\n'}
[1.318799] (cone_inspection) StdoutLine: {'line': b'creating cone_inspection.egg-info\n'}
[1.318845] (cone_inspection) StdoutLine: {'line': b'writing cone_inspection.egg-info/PKG-INFO\n'}
[1.318874] (cone_inspection) StdoutLine: {'line': b'writing dependency_links to cone_inspection.egg-info/dependency_links.txt\n'}
[1.318902] (cone_inspection) StdoutLine: {'line': b'writing entry points to cone_inspection.egg-info/entry_points.txt\n'}
[1.318930] (cone_inspection) StdoutLine: {'line': b'writing requirements to cone_inspection.egg-info/requires.txt\n'}
[1.318953] (cone_inspection) StdoutLine: {'line': b'writing top-level names to cone_inspection.egg-info/top_level.txt\n'}
[1.319238] (cone_inspection) StdoutLine: {'line': b"writing manifest file 'cone_inspection.egg-info/SOURCES.txt'\n"}
[1.319794] (cone_inspection) StdoutLine: {'line': b"reading manifest file 'cone_inspection.egg-info/SOURCES.txt'\n"}
[1.320149] (cone_inspection) StdoutLine: {'line': b"writing manifest file 'cone_inspection.egg-info/SOURCES.txt'\n"}
[1.320696] (cone_inspection) StdoutLine: {'line': b'running build_ext\n'}
[1.320798] (cone_inspection) StdoutLine: {'line': b'Creating /home/liv/argos_ws/install/cone_inspection/lib/python3.10/site-packages/cone-inspection.egg-link (link to .)\n'}
[1.321331] (cone_inspection) StdoutLine: {'line': b'\n'}
[1.321458] (cone_inspection) StdoutLine: {'line': b'Installed /home/liv/argos_ws/build/cone_inspection\n'}
[1.321492] (cone_inspection) StdoutLine: {'line': b'running symlink_data\n'}
[1.321520] (cone_inspection) StdoutLine: {'line': b'creating /home/liv/argos_ws/install/cone_inspection/share/ament_index\n'}
[1.321551] (cone_inspection) StdoutLine: {'line': b'creating /home/liv/argos_ws/install/cone_inspection/share/ament_index/resource_index\n'}
[1.321576] (cone_inspection) StdoutLine: {'line': b'creating /home/liv/argos_ws/install/cone_inspection/share/ament_index/resource_index/packages\n'}
[1.321604] (cone_inspection) StdoutLine: {'line': b'symbolically linking /home/liv/argos_ws/build/cone_inspection/resource/cone_inspection -> /home/liv/argos_ws/install/cone_inspection/share/ament_index/resource_index/packages\n'}
[1.321634] (cone_inspection) StdoutLine: {'line': b'symbolically linking /home/liv/argos_ws/build/cone_inspection/package.xml -> /home/liv/argos_ws/install/cone_inspection/share/cone_inspection\n'}
[1.321665] (cone_inspection) StdoutLine: {'line': b'creating /home/liv/argos_ws/install/cone_inspection/share/cone_inspection/launch\n'}
[1.321699] (cone_inspection) StdoutLine: {'line': b'symbolically linking /home/liv/argos_ws/build/cone_inspection/launch/demo.launch.py -> /home/liv/argos_ws/install/cone_inspection/share/cone_inspection/launch\n'}
[1.321729] (cone_inspection) StdoutLine: {'line': b'creating /home/liv/argos_ws/install/cone_inspection/share/cone_inspection/urdf\n'}
[1.321803] (cone_inspection) StdoutLine: {'line': b'symbolically linking /home/liv/argos_ws/build/cone_inspection/urdf/ur3_cell.urdf.xacro -> /home/liv/argos_ws/install/cone_inspection/share/cone_inspection/urdf\n'}
[1.321837] (cone_inspection) StdoutLine: {'line': b'creating /home/liv/argos_ws/install/cone_inspection/share/cone_inspection/rviz\n'}
[1.321866] (cone_inspection) StdoutLine: {'line': b'symbolically linking /home/liv/argos_ws/build/cone_inspection/rviz/demo.rviz -> /home/liv/argos_ws/install/cone_inspection/share/cone_inspection/rviz\n'}
[1.333536] (cone_inspection) CommandEnded: {'returncode': 0}
[1.336892] (cone_inspection) JobEnded: {'identifier': 'cone_inspection', 'rc': 0}
[1.337660] (-) EventReactorShutdown: {}
