[0.000000] (-) TimerEvent: {}
[0.000133] (ur_description) JobQueued: {'identifier': 'ur_description', 'dependencies': OrderedDict()}
[0.000164] (cone_inspection) JobQueued: {'identifier': 'cone_inspection', 'dependencies': OrderedDict([('ur_description', '/home/liv/argos_ws/src/install/ur_description')])}
[0.000222] (ur_simulation_gazebo) JobQueued: {'identifier': 'ur_simulation_gazebo', 'dependencies': OrderedDict([('ur_description', '/home/liv/argos_ws/src/install/ur_description')])}
[0.000246] (ur_simulation_gz) JobQueued: {'identifier': 'ur_simulation_gz', 'dependencies': OrderedDict([('ur_description', '/home/liv/argos_ws/src/install/ur_description')])}
[0.000269] (ur_description) JobStarted: {'identifier': 'ur_description'}
[0.006001] (ur_description) JobProgress: {'identifier': 'ur_description', 'progress': 'cmake'}
[0.006499] (ur_description) Command: {'cmd': ['/usr/bin/cmake', '/home/liv/argos_ws/src/Universal_Robots_ROS2_Description', '-DAMENT_CMAKE_SYMLINK_INSTALL=1', '-DCMAKE_INSTALL_PREFIX=/home/liv/argos_ws/src/install/ur_description'], 'cwd': '/home/liv/argos_ws/src/build/ur_description', 'env': OrderedDict([('LESSOPEN', '| /usr/bin/lesspipe %s'), ('LANGUAGE', 'en_AU:en'), ('USER', 'liv'), ('XDG_SESSION_TYPE', 'x11'), ('SHLVL', '1'), ('LD_LIBRARY_PATH', '/opt/ros/humble/opt/rviz_ogre_vendor/lib:/opt/ros/humble/lib/x86_64-linux-gnu:/opt/ros/humble/lib'), ('HELIOS_MODELS', '/home/liv/rob1/helios_ws/src/helios_src/models'), ('HOME', '/home/liv'), ('OLDPWD', '/home/liv/argos_ws'), ('DESKTOP_SESSION', 'ubuntu-xorg'), ('ROS_PYTHON_VERSION', '3'), ('GNOME_SHELL_SESSION_MODE', 'ubuntu'), ('GTK_MODULES', 'gail:atk-bridge'), ('SYSTEMD_EXEC_PID', '2185'), ('DBUS_SESSION_BUS_ADDRESS', 'unix:path=/run/user/1000/bus'), ('COLORTERM', 'truecolor'), ('COLCON_PREFIX_PATH', '/home/liv/helios_ws/install:/home/liv/41068_ws/install'), ('ROS_DISTRO', 'humble'), ('GTK_IM_MODULE', 'ibus'), ('LOGNAME', 'liv'), ('IGN_GUI_PLUGIN_PATH', '/usr/lib/x86_64-linux-gnu/ign-gui-6/plugins:'), ('_', '/usr/bin/colcon'), ('ROS_VERSION', '2'), ('XDG_SESSION_CLASS', 'user'), ('USERNAME', 'liv'), ('TERM', 'xterm-256color'), ('GNOME_DESKTOP_SESSION_ID', 'this-is-deprecated'), ('ROS_LOCALHOST_ONLY', '1'), ('WINDOWPATH', '2'), ('PATH', '/opt/ros/humble/bin:/home/liv/.local/bin:/usr/local/sbin:/usr/local/bin:/usr/sbin:/usr/bin:/sbin:/bin:/usr/games:/usr/local/games:/snap/bin:/snap/bin'), ('SESSION_MANAGER', 'local/raspberry:@/tmp/.ICE-unix/2157,unix/raspberry:/tmp/.ICE-unix/2157'), ('XDG_MENU_PREFIX', 'gnome-'), ('GNOME_TERMINAL_SCREEN', '/org/gnome/Terminal/screen/4b93bc42_28c5_449c_a183_96af38748d65'), ('XDG_RUNTIME_DIR', '/run/user/1000'), ('DISPLAY', ':0'), ('LANG', 'en_US.UTF-8'), ('XDG_CURRENT_DESKTOP', 'ubuntu:GNOME'), ('XMODIFIERS', '@im=ibus'), ('XDG_SESSION_DESKTOP', 'ubuntu-xorg'), ('XAUTHORITY', '/run/user/1000/gdm/Xauthority'), ('LS_COLORS', 'rs=0:di=01;34:ln=01;36:mh=00:pi=40;33:so=01;35:do=01;35:bd=40;33;01:cd=40;33;01:or=40;31;01:mi=00:su=37;41:sg=30;43:ca=30;41:tw=30;42:ow=34;42:st=37;44:ex=01;32:*.tar=01;31:*.tgz=01;31:*.arc=01;31:*.arj=01;31:*.taz=01;31:*.lha=01;31:*.lz4=01;31:*.lzh=01;31:*.lzma=01;31:*.tlz=01;31:*.txz=01;31:*.tzo=01;31:*.t7z=01;31:*.zip=01;31:*.z=01;31:*.dz=01;31:*.gz=01;31:*.lrz=01;31:*.lz=01;31:*.lzo=01;31:*.xz=01;31:*.zst=01;31:*.tzst=01;31:*.bz2=01;31:*.bz=01;31:*.tbz=01;31:*.tbz2=01;31:*.tz=01;31:*.deb=01;31:*.rpm=01;31:*.jar=01;31:*.war=01;31:*.ear=01;31:*.sar=01;31:*.rar=01;31:*.alz=01;31:*.ace=01;31:*.zoo=01;31:*.cpio=01;31:*.7z=01;31:*.rz=01;31:*.cab=01;31:*.wim=01;31:*.swm=01;31:*.dwm=01;31:*.esd=01;31:*.jpg=01;35:*.jpeg=01;35:*.mjpg=01;35:*.mjpeg=01;35:*.gif=01;35:*.bmp=01;35:*.pbm=01;35:*.pgm=01;35:*.ppm=01;35:*.tga=01;35:*.xbm=01;35:*.xpm=01;35:*.tif=01;35:*.tiff=01;35:*.png=01;35:*.svg=01;35:*.svgz=01;35:*.mng=01;35:*.pcx=01;35:*.mov=01;35:*.mpg=01;35:*.mpeg=01;35:*.m2v=01;35:*.mkv=01;35:*.webm=01;35:*.webp=01;35:*.ogm=01;35:*.mp4=01;35:*.m4v=01;35:*.mp4v=01;35:*.vob=01;35:*.qt=01;35:*.nuv=01;35:*.wmv=01;35:*.asf=01;35:*.rm=01;35:*.rmvb=01;35:*.flc=01;35:*.avi=01;35:*.fli=01;35:*.flv=01;35:*.gl=01;35:*.dl=01;35:*.xcf=01;35:*.xwd=01;35:*.yuv=01;35:*.cgm=01;35:*.emf=01;35:*.ogv=01;35:*.ogx=01;35:*.aac=00;36:*.au=00;36:*.flac=00;36:*.m4a=00;36:*.mid=00;36:*.midi=00;36:*.mka=00;36:*.mp3=00;36:*.mpc=00;36:*.ogg=00;36:*.ra=00;36:*.wav=00;36:*.oga=00;36:*.opus=00;36:*.spx=00;36:*.xspf=00;36:'), ('GNOME_TERMINAL_SERVICE', ':1.102'), ('SSH_AGENT_LAUNCHER', 'gnome-keyring'), ('SSH_AUTH_SOCK', '/run/user/1000/keyring/ssh'), ('AMENT_PREFIX_PATH', '/home/liv/helios_ws/install/fire_sim:/home/liv/helios_ws/install/fire_sensors:/home/liv/helios_ws/install/fire_satellite:/home/liv/helios_ws/install/fire_drone:/home/liv/helios_ws/install/fire_autonomy:/home/liv/helios_ws/install/41068_ignition_bringup:/home/liv/41068_ws/install/41068_ignition_bringup:/opt/ros/humble'), ('SHELL', '/bin/bash'), ('QT_ACCESSIBILITY', '1'), ('GDMSESSION', 'ubuntu-xorg'), ('LESSCLOSE', '/usr/bin/lesspipe %s %s'), ('IGN_GAZEBO_RESOURCE_PATH', '/home/liv/rob1/helios_ws/src/helios_src/models:'), ('GPG_AGENT_INFO', '/run/user/1000/gnupg/S.gpg-agent:0:1'), ('QT_IM_MODULE', 'ibus'), ('PWD', '/home/liv/argos_ws/src/build/ur_description'), ('LC_ALL', 'en_US.UTF-8'), ('XDG_CONFIG_DIRS', '/etc/xdg/xdg-ubuntu-xorg:/etc/xdg'), ('XDG_DATA_DIRS', '/usr/share/ubuntu-xorg:/usr/share/gnome:/usr/local/share/:/usr/share/:/var/lib/snapd/desktop'), ('PYTHONPATH', '/home/liv/helios_ws/install/fire_sim/lib/python3.10/site-packages:/opt/ros/humble/lib/python3.10/site-packages:/opt/ros/humble/local/lib/python3.10/dist-packages'), ('COLCON', '1'), ('VTE_VERSION', '6800'), ('CMAKE_PREFIX_PATH', '/home/liv/helios_ws/install/fire_sensors:/home/liv/helios_ws/install/fire_satellite:/home/liv/helios_ws/install/fire_drone:/home/liv/helios_ws/install/fire_autonomy:/home/liv/helios_ws/install/41068_ignition_bringup:/home/liv/41068_ws/install/41068_ignition_bringup:/home/liv/helios_ws/install/fire_sim:/opt/ros/humble')]), 'shell': False}
[0.072341] (ur_description) StdoutLine: {'line': b'-- The C compiler identification is GNU 11.4.0\n'}
[0.099840] (-) TimerEvent: {}
[0.139999] (ur_description) StdoutLine: {'line': b'-- The CXX compiler identification is GNU 11.4.0\n'}
[0.145011] (ur_description) StdoutLine: {'line': b'-- Detecting C compiler ABI info\n'}
[0.194037] (ur_description) StdoutLine: {'line': b'-- Detecting C compiler ABI info - done\n'}
[0.199947] (ur_description) StdoutLine: {'line': b'-- Check for working C compiler: /usr/bin/cc - skipped\n'}
[0.200084] (-) TimerEvent: {}
[0.201710] (ur_description) StdoutLine: {'line': b'-- Detecting C compile features\n'}
[0.202319] (ur_description) StdoutLine: {'line': b'-- Detecting C compile features - done\n'}
[0.204239] (ur_description) StdoutLine: {'line': b'-- Detecting CXX compiler ABI info\n'}
[0.289840] (ur_description) StdoutLine: {'line': b'-- Detecting CXX compiler ABI info - done\n'}
[0.295013] (ur_description) StdoutLine: {'line': b'-- Check for working CXX compiler: /usr/bin/c++ - skipped\n'}
[0.295353] (ur_description) StdoutLine: {'line': b'-- Detecting CXX compile features\n'}
[0.295623] (ur_description) StdoutLine: {'line': b'-- Detecting CXX compile features - done\n'}
[0.300232] (-) TimerEvent: {}
[0.302736] (ur_description) StdoutLine: {'line': b'-- Found ament_cmake: 1.3.14 (/opt/ros/humble/share/ament_cmake/cmake)\n'}
[0.400368] (-) TimerEvent: {}
[0.441417] (ur_description) StdoutLine: {'line': b'-- Found Python3: /usr/bin/python3 (found version "3.10.12") found components: Interpreter \n'}
[0.481823] (ur_description) StdoutLine: {'line': b'-- Override CMake install command with custom implementation using symlinks instead of copying resources\n'}
[0.500460] (-) TimerEvent: {}
[0.508917] (ur_description) StdoutLine: {'line': b'-- Found ament_cmake_pytest: 1.3.14 (/opt/ros/humble/share/ament_cmake_pytest/cmake)\n'}
[0.600548] (-) TimerEvent: {}
[0.700796] (-) TimerEvent: {}
[0.801069] (-) TimerEvent: {}
[0.875440] (ur_description) StdoutLine: {'line': b'-- Configuring done\n'}
[0.876673] (ur_description) StdoutLine: {'line': b'-- Generating done\n'}
[0.877474] (ur_description) StdoutLine: {'line': b'-- Build files have been written to: /home/liv/argos_ws/src/build/ur_description\n'}
[0.879828] (ur_description) CommandEnded: {'returncode': 0}
[0.880871] (ur_description) JobProgress: {'identifier': 'ur_description', 'progress': 'build'}
[0.881505] (ur_description) Command: {'cmd': ['/usr/bin/cmake', '--build', '/home/liv/argos_ws/src/build/ur_description', '--', '-j24', '-l24'], 'cwd': '/home/liv/argos_ws/src/build/ur_description', 'env': OrderedDict([('LESSOPEN', '| /usr/bin/lesspipe %s'), ('LANGUAGE', 'en_AU:en'), ('USER', 'liv'), ('XDG_SESSION_TYPE', 'x11'), ('SHLVL', '1'), ('LD_LIBRARY_PATH', '/opt/ros/humble/opt/rviz_ogre_vendor/lib:/opt/ros/humble/lib/x86_64-linux-gnu:/opt/ros/humble/lib'), ('HELIOS_MODELS', '/home/liv/rob1/helios_ws/src/helios_src/models'), ('HOME', '/home/liv'), ('OLDPWD', '/home/liv/argos_ws'), ('DESKTOP_SESSION', 'ubuntu-xorg'), ('ROS_PYTHON_VERSION', '3'), ('GNOME_SHELL_SESSION_MODE', 'ubuntu'), ('GTK_MODULES', 'gail:atk-bridge'), ('SYSTEMD_EXEC_PID', '2185'), ('DBUS_SESSION_BUS_ADDRESS', 'unix:path=/run/user/1000/bus'), ('COLORTERM', 'truecolor'), ('COLCON_PREFIX_PATH', '/home/liv/helios_ws/install:/home/liv/41068_ws/install'), ('ROS_DISTRO', 'humble'), ('GTK_IM_MODULE', 'ibus'), ('LOGNAME', 'liv'), ('IGN_GUI_PLUGIN_PATH', '/usr/lib/x86_64-linux-gnu/ign-gui-6/plugins:'), ('_', '/usr/bin/colcon'), ('ROS_VERSION', '2'), ('XDG_SESSION_CLASS', 'user'), ('USERNAME', 'liv'), ('TERM', 'xterm-256color'), ('GNOME_DESKTOP_SESSION_ID', 'this-is-deprecated'), ('ROS_LOCALHOST_ONLY', '1'), ('WINDOWPATH', '2'), ('PATH', '/opt/ros/humble/bin:/home/liv/.local/bin:/usr/local/sbin:/usr/local/bin:/usr/sbin:/usr/bin:/sbin:/bin:/usr/games:/usr/local/games:/snap/bin:/snap/bin'), ('SESSION_MANAGER', 'local/raspberry:@/tmp/.ICE-unix/2157,unix/raspberry:/tmp/.ICE-unix/2157'), ('XDG_MENU_PREFIX', 'gnome-'), ('GNOME_TERMINAL_SCREEN', '/org/gnome/Terminal/screen/4b93bc42_28c5_449c_a183_96af38748d65'), ('XDG_RUNTIME_DIR', '/run/user/1000'), ('DISPLAY', ':0'), ('LANG', 'en_US.UTF-8'), ('XDG_CURRENT_DESKTOP', 'ubuntu:GNOME'), ('XMODIFIERS', '@im=ibus'), ('XDG_SESSION_DESKTOP', 'ubuntu-xorg'), ('XAUTHORITY', '/run/user/1000/gdm/Xauthority'), ('LS_COLORS', 'rs=0:di=01;34:ln=01;36:mh=00:pi=40;33:so=01;35:do=01;35:bd=40;33;01:cd=40;33;01:or=40;31;01:mi=00:su=37;41:sg=30;43:ca=30;41:tw=30;42:ow=34;42:st=37;44:ex=01;32:*.tar=01;31:*.tgz=01;31:*.arc=01;31:*.arj=01;31:*.taz=01;31:*.lha=01;31:*.lz4=01;31:*.lzh=01;31:*.lzma=01;31:*.tlz=01;31:*.txz=01;31:*.tzo=01;31:*.t7z=01;31:*.zip=01;31:*.z=01;31:*.dz=01;31:*.gz=01;31:*.lrz=01;31:*.lz=01;31:*.lzo=01;31:*.xz=01;31:*.zst=01;31:*.tzst=01;31:*.bz2=01;31:*.bz=01;31:*.tbz=01;31:*.tbz2=01;31:*.tz=01;31:*.deb=01;31:*.rpm=01;31:*.jar=01;31:*.war=01;31:*.ear=01;31:*.sar=01;31:*.rar=01;31:*.alz=01;31:*.ace=01;31:*.zoo=01;31:*.cpio=01;31:*.7z=01;31:*.rz=01;31:*.cab=01;31:*.wim=01;31:*.swm=01;31:*.dwm=01;31:*.esd=01;31:*.jpg=01;35:*.jpeg=01;35:*.mjpg=01;35:*.mjpeg=01;35:*.gif=01;35:*.bmp=01;35:*.pbm=01;35:*.pgm=01;35:*.ppm=01;35:*.tga=01;35:*.xbm=01;35:*.xpm=01;35:*.tif=01;35:*.tiff=01;35:*.png=01;35:*.svg=01;35:*.svgz=01;35:*.mng=01;35:*.pcx=01;35:*.mov=01;35:*.mpg=01;35:*.mpeg=01;35:*.m2v=01;35:*.mkv=01;35:*.webm=01;35:*.webp=01;35:*.ogm=01;35:*.mp4=01;35:*.m4v=01;35:*.mp4v=01;35:*.vob=01;35:*.qt=01;35:*.nuv=01;35:*.wmv=01;35:*.asf=01;35:*.rm=01;35:*.rmvb=01;35:*.flc=01;35:*.avi=01;35:*.fli=01;35:*.flv=01;35:*.gl=01;35:*.dl=01;35:*.xcf=01;35:*.xwd=01;35:*.yuv=01;35:*.cgm=01;35:*.emf=01;35:*.ogv=01;35:*.ogx=01;35:*.aac=00;36:*.au=00;36:*.flac=00;36:*.m4a=00;36:*.mid=00;36:*.midi=00;36:*.mka=00;36:*.mp3=00;36:*.mpc=00;36:*.ogg=00;36:*.ra=00;36:*.wav=00;36:*.oga=00;36:*.opus=00;36:*.spx=00;36:*.xspf=00;36:'), ('GNOME_TERMINAL_SERVICE', ':1.102'), ('SSH_AGENT_LAUNCHER', 'gnome-keyring'), ('SSH_AUTH_SOCK', '/run/user/1000/keyring/ssh'), ('AMENT_PREFIX_PATH', '/home/liv/helios_ws/install/fire_sim:/home/liv/helios_ws/install/fire_sensors:/home/liv/helios_ws/install/fire_satellite:/home/liv/helios_ws/install/fire_drone:/home/liv/helios_ws/install/fire_autonomy:/home/liv/helios_ws/install/41068_ignition_bringup:/home/liv/41068_ws/install/41068_ignition_bringup:/opt/ros/humble'), ('SHELL', '/bin/bash'), ('QT_ACCESSIBILITY', '1'), ('GDMSESSION', 'ubuntu-xorg'), ('LESSCLOSE', '/usr/bin/lesspipe %s %s'), ('IGN_GAZEBO_RESOURCE_PATH', '/home/liv/rob1/helios_ws/src/helios_src/models:'), ('GPG_AGENT_INFO', '/run/user/1000/gnupg/S.gpg-agent:0:1'), ('QT_IM_MODULE', 'ibus'), ('PWD', '/home/liv/argos_ws/src/build/ur_description'), ('LC_ALL', 'en_US.UTF-8'), ('XDG_CONFIG_DIRS', '/etc/xdg/xdg-ubuntu-xorg:/etc/xdg'), ('XDG_DATA_DIRS', '/usr/share/ubuntu-xorg:/usr/share/gnome:/usr/local/share/:/usr/share/:/var/lib/snapd/desktop'), ('PYTHONPATH', '/home/liv/helios_ws/install/fire_sim/lib/python3.10/site-packages:/opt/ros/humble/lib/python3.10/site-packages:/opt/ros/humble/local/lib/python3.10/dist-packages'), ('COLCON', '1'), ('VTE_VERSION', '6800'), ('CMAKE_PREFIX_PATH', '/home/liv/helios_ws/install/fire_sensors:/home/liv/helios_ws/install/fire_satellite:/home/liv/helios_ws/install/fire_drone:/home/liv/helios_ws/install/fire_autonomy:/home/liv/helios_ws/install/41068_ignition_bringup:/home/liv/41068_ws/install/41068_ignition_bringup:/home/liv/helios_ws/install/fire_sim:/opt/ros/humble')]), 'shell': False}
[0.901271] (-) TimerEvent: {}
[0.921738] (ur_description) CommandEnded: {'returncode': 0}
[0.922525] (ur_description) JobProgress: {'identifier': 'ur_description', 'progress': 'install'}
[0.933255] (ur_description) Command: {'cmd': ['/usr/bin/cmake', '--install', '/home/liv/argos_ws/src/build/ur_description'], 'cwd': '/home/liv/argos_ws/src/build/ur_description', 'env': OrderedDict([('LESSOPEN', '| /usr/bin/lesspipe %s'), ('LANGUAGE', 'en_AU:en'), ('USER', 'liv'), ('XDG_SESSION_TYPE', 'x11'), ('SHLVL', '1'), ('LD_LIBRARY_PATH', '/opt/ros/humble/opt/rviz_ogre_vendor/lib:/opt/ros/humble/lib/x86_64-linux-gnu:/opt/ros/humble/lib'), ('HELIOS_MODELS', '/home/liv/rob1/helios_ws/src/helios_src/models'), ('HOME', '/home/liv'), ('OLDPWD', '/home/liv/argos_ws'), ('DESKTOP_SESSION', 'ubuntu-xorg'), ('ROS_PYTHON_VERSION', '3'), ('GNOME_SHELL_SESSION_MODE', 'ubuntu'), ('GTK_MODULES', 'gail:atk-bridge'), ('SYSTEMD_EXEC_PID', '2185'), ('DBUS_SESSION_BUS_ADDRESS', 'unix:path=/run/user/1000/bus'), ('COLORTERM', 'truecolor'), ('COLCON_PREFIX_PATH', '/home/liv/helios_ws/install:/home/liv/41068_ws/install'), ('ROS_DISTRO', 'humble'), ('GTK_IM_MODULE', 'ibus'), ('LOGNAME', 'liv'), ('IGN_GUI_PLUGIN_PATH', '/usr/lib/x86_64-linux-gnu/ign-gui-6/plugins:'), ('_', '/usr/bin/colcon'), ('ROS_VERSION', '2'), ('XDG_SESSION_CLASS', 'user'), ('USERNAME', 'liv'), ('TERM', 'xterm-256color'), ('GNOME_DESKTOP_SESSION_ID', 'this-is-deprecated'), ('ROS_LOCALHOST_ONLY', '1'), ('WINDOWPATH', '2'), ('PATH', '/opt/ros/humble/bin:/home/liv/.local/bin:/usr/local/sbin:/usr/local/bin:/usr/sbin:/usr/bin:/sbin:/bin:/usr/games:/usr/local/games:/snap/bin:/snap/bin'), ('SESSION_MANAGER', 'local/raspberry:@/tmp/.ICE-unix/2157,unix/raspberry:/tmp/.ICE-unix/2157'), ('XDG_MENU_PREFIX', 'gnome-'), ('GNOME_TERMINAL_SCREEN', '/org/gnome/Terminal/screen/4b93bc42_28c5_449c_a183_96af38748d65'), ('XDG_RUNTIME_DIR', '/run/user/1000'), ('DISPLAY', ':0'), ('LANG', 'en_US.UTF-8'), ('XDG_CURRENT_DESKTOP', 'ubuntu:GNOME'), ('XMODIFIERS', '@im=ibus'), ('XDG_SESSION_DESKTOP', 'ubuntu-xorg'), ('XAUTHORITY', '/run/user/1000/gdm/Xauthority'), ('LS_COLORS', 'rs=0:di=01;34:ln=01;36:mh=00:pi=40;33:so=01;35:do=01;35:bd=40;33;01:cd=40;33;01:or=40;31;01:mi=00:su=37;41:sg=30;43:ca=30;41:tw=30;42:ow=34;42:st=37;44:ex=01;32:*.tar=01;31:*.tgz=01;31:*.arc=01;31:*.arj=01;31:*.taz=01;31:*.lha=01;31:*.lz4=01;31:*.lzh=01;31:*.lzma=01;31:*.tlz=01;31:*.txz=01;31:*.tzo=01;31:*.t7z=01;31:*.zip=01;31:*.z=01;31:*.dz=01;31:*.gz=01;31:*.lrz=01;31:*.lz=01;31:*.lzo=01;31:*.xz=01;31:*.zst=01;31:*.tzst=01;31:*.bz2=01;31:*.bz=01;31:*.tbz=01;31:*.tbz2=01;31:*.tz=01;31:*.deb=01;31:*.rpm=01;31:*.jar=01;31:*.war=01;31:*.ear=01;31:*.sar=01;31:*.rar=01;31:*.alz=01;31:*.ace=01;31:*.zoo=01;31:*.cpio=01;31:*.7z=01;31:*.rz=01;31:*.cab=01;31:*.wim=01;31:*.swm=01;31:*.dwm=01;31:*.esd=01;31:*.jpg=01;35:*.jpeg=01;35:*.mjpg=01;35:*.mjpeg=01;35:*.gif=01;35:*.bmp=01;35:*.pbm=01;35:*.pgm=01;35:*.ppm=01;35:*.tga=01;35:*.xbm=01;35:*.xpm=01;35:*.tif=01;35:*.tiff=01;35:*.png=01;35:*.svg=01;35:*.svgz=01;35:*.mng=01;35:*.pcx=01;35:*.mov=01;35:*.mpg=01;35:*.mpeg=01;35:*.m2v=01;35:*.mkv=01;35:*.webm=01;35:*.webp=01;35:*.ogm=01;35:*.mp4=01;35:*.m4v=01;35:*.mp4v=01;35:*.vob=01;35:*.qt=01;35:*.nuv=01;35:*.wmv=01;35:*.asf=01;35:*.rm=01;35:*.rmvb=01;35:*.flc=01;35:*.avi=01;35:*.fli=01;35:*.flv=01;35:*.gl=01;35:*.dl=01;35:*.xcf=01;35:*.xwd=01;35:*.yuv=01;35:*.cgm=01;35:*.emf=01;35:*.ogv=01;35:*.ogx=01;35:*.aac=00;36:*.au=00;36:*.flac=00;36:*.m4a=00;36:*.mid=00;36:*.midi=00;36:*.mka=00;36:*.mp3=00;36:*.mpc=00;36:*.ogg=00;36:*.ra=00;36:*.wav=00;36:*.oga=00;36:*.opus=00;36:*.spx=00;36:*.xspf=00;36:'), ('GNOME_TERMINAL_SERVICE', ':1.102'), ('SSH_AGENT_LAUNCHER', 'gnome-keyring'), ('SSH_AUTH_SOCK', '/run/user/1000/keyring/ssh'), ('AMENT_PREFIX_PATH', '/home/liv/helios_ws/install/fire_sim:/home/liv/helios_ws/install/fire_sensors:/home/liv/helios_ws/install/fire_satellite:/home/liv/helios_ws/install/fire_drone:/home/liv/helios_ws/install/fire_autonomy:/home/liv/helios_ws/install/41068_ignition_bringup:/home/liv/41068_ws/install/41068_ignition_bringup:/opt/ros/humble'), ('SHELL', '/bin/bash'), ('QT_ACCESSIBILITY', '1'), ('GDMSESSION', 'ubuntu-xorg'), ('LESSCLOSE', '/usr/bin/lesspipe %s %s'), ('IGN_GAZEBO_RESOURCE_PATH', '/home/liv/rob1/helios_ws/src/helios_src/models:'), ('GPG_AGENT_INFO', '/run/user/1000/gnupg/S.gpg-agent:0:1'), ('QT_IM_MODULE', 'ibus'), ('PWD', '/home/liv/argos_ws/src/build/ur_description'), ('LC_ALL', 'en_US.UTF-8'), ('XDG_CONFIG_DIRS', '/etc/xdg/xdg-ubuntu-xorg:/etc/xdg'), ('XDG_DATA_DIRS', '/usr/share/ubuntu-xorg:/usr/share/gnome:/usr/local/share/:/usr/share/:/var/lib/snapd/desktop'), ('PYTHONPATH', '/home/liv/helios_ws/install/fire_sim/lib/python3.10/site-packages:/opt/ros/humble/lib/python3.10/site-packages:/opt/ros/humble/local/lib/python3.10/dist-packages'), ('COLCON', '1'), ('VTE_VERSION', '6800'), ('CMAKE_PREFIX_PATH', '/home/liv/helios_ws/install/fire_sensors:/home/liv/helios_ws/install/fire_satellite:/home/liv/helios_ws/install/fire_drone:/home/liv/helios_ws/install/fire_autonomy:/home/liv/helios_ws/install/41068_ignition_bringup:/home/liv/41068_ws/install/41068_ignition_bringup:/home/liv/helios_ws/install/fire_sim:/opt/ros/humble')]), 'shell': False}
[0.942963] (ur_description) StdoutLine: {'line': b'-- Install configuration: ""\n'}
[0.943710] (ur_description) StdoutLine: {'line': b'-- Execute custom install script\n'}
[0.944900] (ur_description) StdoutLine: {'line': b'-- Symlinking: /home/liv/argos_ws/src/install/ur_description/share/ur_description/config/initial_positions.yaml\n'}
[0.951646] (ur_description) StdoutLine: {'line': b'-- Symlinking: /home/liv/argos_ws/src/install/ur_description/share/ur_description/config/ur10/default_kinematics.yaml\n'}
[0.958551] (ur_description) StdoutLine: {'line': b'-- Symlinking: /home/liv/argos_ws/src/install/ur_description/share/ur_description/config/ur10/joint_limits.yaml\n'}
[0.967170] (ur_description) StdoutLine: {'line': b'-- Symlinking: /home/liv/argos_ws/src/install/ur_description/share/ur_description/config/ur10/physical_parameters.yaml\n'}
[0.978521] (ur_description) StdoutLine: {'line': b'-- Symlinking: /home/liv/argos_ws/src/install/ur_description/share/ur_description/config/ur10/visual_parameters.yaml\n'}
[0.989024] (ur_description) StdoutLine: {'line': b'-- Symlinking: /home/liv/argos_ws/src/install/ur_description/share/ur_description/config/ur10e/default_kinematics.yaml\n'}
[0.995312] (ur_description) StdoutLine: {'line': b'-- Symlinking: /home/liv/argos_ws/src/install/ur_description/share/ur_description/config/ur10e/joint_limits.yaml\n'}
[1.000698] (ur_description) StdoutLine: {'line': b'-- Symlinking: /home/liv/argos_ws/src/install/ur_description/share/ur_description/config/ur10e/physical_parameters.yaml\n'}
[1.001325] (-) TimerEvent: {}
[1.006929] (ur_description) StdoutLine: {'line': b'-- Symlinking: /home/liv/argos_ws/src/install/ur_description/share/ur_description/config/ur10e/visual_parameters.yaml\n'}
[1.015025] (ur_description) StdoutLine: {'line': b'-- Symlinking: /home/liv/argos_ws/src/install/ur_description/share/ur_description/config/ur12e/default_kinematics.yaml\n'}
[1.023621] (ur_description) StdoutLine: {'line': b'-- Symlinking: /home/liv/argos_ws/src/install/ur_description/share/ur_description/config/ur12e/joint_limits.yaml\n'}
[1.030181] (ur_description) StdoutLine: {'line': b'-- Symlinking: /home/liv/argos_ws/src/install/ur_description/share/ur_description/config/ur12e/physical_parameters.yaml\n'}
[1.035464] (ur_description) StdoutLine: {'line': b'-- Symlinking: /home/liv/argos_ws/src/install/ur_description/share/ur_description/config/ur12e/visual_parameters.yaml\n'}
[1.042101] (ur_description) StdoutLine: {'line': b'-- Symlinking: /home/liv/argos_ws/src/install/ur_description/share/ur_description/config/ur15/default_kinematics.yaml\n'}
[1.047812] (ur_description) StdoutLine: {'line': b'-- Symlinking: /home/liv/argos_ws/src/install/ur_description/share/ur_description/config/ur15/joint_limits.yaml\n'}
[1.053804] (ur_description) StdoutLine: {'line': b'-- Symlinking: /home/liv/argos_ws/src/install/ur_description/share/ur_description/config/ur15/physical_parameters.yaml\n'}
[1.059163] (ur_description) StdoutLine: {'line': b'-- Symlinking: /home/liv/argos_ws/src/install/ur_description/share/ur_description/config/ur15/visual_parameters.yaml\n'}
[1.065371] (ur_description) StdoutLine: {'line': b'-- Symlinking: /home/liv/argos_ws/src/install/ur_description/share/ur_description/config/ur16e/default_kinematics.yaml\n'}
[1.071461] (ur_description) StdoutLine: {'line': b'-- Symlinking: /home/liv/argos_ws/src/install/ur_description/share/ur_description/config/ur16e/joint_limits.yaml\n'}
[1.077484] (ur_description) StdoutLine: {'line': b'-- Symlinking: /home/liv/argos_ws/src/install/ur_description/share/ur_description/config/ur16e/physical_parameters.yaml\n'}
[1.082903] (ur_description) StdoutLine: {'line': b'-- Symlinking: /home/liv/argos_ws/src/install/ur_description/share/ur_description/config/ur16e/visual_parameters.yaml\n'}
[1.088967] (ur_description) StdoutLine: {'line': b'-- Symlinking: /home/liv/argos_ws/src/install/ur_description/share/ur_description/config/ur18/default_kinematics.yaml\n'}
[1.094840] (ur_description) StdoutLine: {'line': b'-- Symlinking: /home/liv/argos_ws/src/install/ur_description/share/ur_description/config/ur18/joint_limits.yaml\n'}
[1.100865] (ur_description) StdoutLine: {'line': b'-- Symlinking: /home/liv/argos_ws/src/install/ur_description/share/ur_description/config/ur18/physical_parameters.yaml\n'}
[1.101544] (-) TimerEvent: {}
[1.106820] (ur_description) StdoutLine: {'line': b'-- Symlinking: /home/liv/argos_ws/src/install/ur_description/share/ur_description/config/ur18/visual_parameters.yaml\n'}
[1.112666] (ur_description) StdoutLine: {'line': b'-- Symlinking: /home/liv/argos_ws/src/install/ur_description/share/ur_description/config/ur20/default_kinematics.yaml\n'}
[1.118516] (ur_description) StdoutLine: {'line': b'-- Symlinking: /home/liv/argos_ws/src/install/ur_description/share/ur_description/config/ur20/joint_limits.yaml\n'}
[1.124537] (ur_description) StdoutLine: {'line': b'-- Symlinking: /home/liv/argos_ws/src/install/ur_description/share/ur_description/config/ur20/physical_parameters.yaml\n'}
[1.129382] (ur_description) StdoutLine: {'line': b'-- Symlinking: /home/liv/argos_ws/src/install/ur_description/share/ur_description/config/ur20/visual_parameters.yaml\n'}
[1.135398] (ur_description) StdoutLine: {'line': b'-- Symlinking: /home/liv/argos_ws/src/install/ur_description/share/ur_description/config/ur3/default_kinematics.yaml\n'}
[1.141108] (ur_description) StdoutLine: {'line': b'-- Symlinking: /home/liv/argos_ws/src/install/ur_description/share/ur_description/config/ur3/joint_limits.yaml\n'}
[1.145410] (ur_description) StdoutLine: {'line': b'-- Symlinking: /home/liv/argos_ws/src/install/ur_description/share/ur_description/config/ur3/physical_parameters.yaml\n'}
[1.151063] (ur_description) StdoutLine: {'line': b'-- Symlinking: /home/liv/argos_ws/src/install/ur_description/share/ur_description/config/ur3/visual_parameters.yaml\n'}
[1.155627] (ur_description) StdoutLine: {'line': b'-- Symlinking: /home/liv/argos_ws/src/install/ur_description/share/ur_description/config/ur30/default_kinematics.yaml\n'}
[1.161410] (ur_description) StdoutLine: {'line': b'-- Symlinking: /home/liv/argos_ws/src/install/ur_description/share/ur_description/config/ur30/joint_limits.yaml\n'}
[1.167050] (ur_description) StdoutLine: {'line': b'-- Symlinking: /home/liv/argos_ws/src/install/ur_description/share/ur_description/config/ur30/physical_parameters.yaml\n'}
[1.171391] (ur_description) StdoutLine: {'line': b'-- Symlinking: /home/liv/argos_ws/src/install/ur_description/share/ur_description/config/ur30/visual_parameters.yaml\n'}
[1.176616] (ur_description) StdoutLine: {'line': b'-- Symlinking: /home/liv/argos_ws/src/install/ur_description/share/ur_description/config/ur3e/default_kinematics.yaml\n'}
[1.181046] (ur_description) StdoutLine: {'line': b'-- Symlinking: /home/liv/argos_ws/src/install/ur_description/share/ur_description/config/ur3e/joint_limits.yaml\n'}
[1.186932] (ur_description) StdoutLine: {'line': b'-- Symlinking: /home/liv/argos_ws/src/install/ur_description/share/ur_description/config/ur3e/physical_parameters.yaml\n'}
[1.192180] (ur_description) StdoutLine: {'line': b'-- Symlinking: /home/liv/argos_ws/src/install/ur_description/share/ur_description/config/ur3e/visual_parameters.yaml\n'}
[1.196252] (ur_description) StdoutLine: {'line': b'-- Symlinking: /home/liv/argos_ws/src/install/ur_description/share/ur_description/config/ur5/default_kinematics.yaml\n'}
[1.201498] (ur_description) StdoutLine: {'line': b'-- Symlinking: /home/liv/argos_ws/src/install/ur_description/share/ur_description/config/ur5/joint_limits.yaml\n'}
[1.201578] (-) TimerEvent: {}
[1.206125] (ur_description) StdoutLine: {'line': b'-- Symlinking: /home/liv/argos_ws/src/install/ur_description/share/ur_description/config/ur5/physical_parameters.yaml\n'}
[1.212255] (ur_description) StdoutLine: {'line': b'-- Symlinking: /home/liv/argos_ws/src/install/ur_description/share/ur_description/config/ur5/visual_parameters.yaml\n'}
[1.217068] (ur_description) StdoutLine: {'line': b'-- Symlinking: /home/liv/argos_ws/src/install/ur_description/share/ur_description/config/ur5e/default_kinematics.yaml\n'}
[1.221253] (ur_description) StdoutLine: {'line': b'-- Symlinking: /home/liv/argos_ws/src/install/ur_description/share/ur_description/config/ur5e/joint_limits.yaml\n'}
[1.226718] (ur_description) StdoutLine: {'line': b'-- Symlinking: /home/liv/argos_ws/src/install/ur_description/share/ur_description/config/ur5e/physical_parameters.yaml\n'}
[1.232915] (ur_description) StdoutLine: {'line': b'-- Symlinking: /home/liv/argos_ws/src/install/ur_description/share/ur_description/config/ur5e/visual_parameters.yaml\n'}
[1.238693] (ur_description) StdoutLine: {'line': b'-- Symlinking: /home/liv/argos_ws/src/install/ur_description/share/ur_description/config/ur7e/default_kinematics.yaml\n'}
[1.243155] (ur_description) StdoutLine: {'line': b'-- Symlinking: /home/liv/argos_ws/src/install/ur_description/share/ur_description/config/ur7e/joint_limits.yaml\n'}
[1.249282] (ur_description) StdoutLine: {'line': b'-- Symlinking: /home/liv/argos_ws/src/install/ur_description/share/ur_description/config/ur7e/physical_parameters.yaml\n'}
[1.254229] (ur_description) StdoutLine: {'line': b'-- Symlinking: /home/liv/argos_ws/src/install/ur_description/share/ur_description/config/ur7e/visual_parameters.yaml\n'}
[1.260169] (ur_description) StdoutLine: {'line': b'-- Symlinking: /home/liv/argos_ws/src/install/ur_description/share/ur_description/config/ur8long/default_kinematics.yaml\n'}
[1.265830] (ur_description) StdoutLine: {'line': b'-- Symlinking: /home/liv/argos_ws/src/install/ur_description/share/ur_description/config/ur8long/joint_limits.yaml\n'}
[1.271699] (ur_description) StdoutLine: {'line': b'-- Symlinking: /home/liv/argos_ws/src/install/ur_description/share/ur_description/config/ur8long/physical_parameters.yaml\n'}
[1.275865] (ur_description) StdoutLine: {'line': b'-- Symlinking: /home/liv/argos_ws/src/install/ur_description/share/ur_description/config/ur8long/visual_parameters.yaml\n'}
[1.280726] (ur_description) StdoutLine: {'line': b'-- Symlinking: /home/liv/argos_ws/src/install/ur_description/share/ur_description/launch/view_ur.launch.py\n'}
[1.285342] (ur_description) StdoutLine: {'line': b'-- Symlinking: /home/liv/argos_ws/src/install/ur_description/share/ur_description/launch/view_ur.launch.xml\n'}
[1.291401] (ur_description) StdoutLine: {'line': b'-- Symlinking: /home/liv/argos_ws/src/install/ur_description/share/ur_description/meshes/ur10/collision/base.stl\n'}
[1.299992] (ur_description) StdoutLine: {'line': b'-- Symlinking: /home/liv/argos_ws/src/install/ur_description/share/ur_description/meshes/ur10/collision/forearm.stl\n'}
[1.301705] (-) TimerEvent: {}
[1.309603] (ur_description) StdoutLine: {'line': b'-- Symlinking: /home/liv/argos_ws/src/install/ur_description/share/ur_description/meshes/ur10/collision/shoulder.stl\n'}
[1.317716] (ur_description) StdoutLine: {'line': b'-- Symlinking: /home/liv/argos_ws/src/install/ur_description/share/ur_description/meshes/ur10/collision/upperarm.stl\n'}
[1.326747] (ur_description) StdoutLine: {'line': b'-- Symlinking: /home/liv/argos_ws/src/install/ur_description/share/ur_description/meshes/ur10/collision/wrist1.stl\n'}
[1.336463] (ur_description) StdoutLine: {'line': b'-- Symlinking: /home/liv/argos_ws/src/install/ur_description/share/ur_description/meshes/ur10/collision/wrist2.stl\n'}
[1.345510] (ur_description) StdoutLine: {'line': b'-- Symlinking: /home/liv/argos_ws/src/install/ur_description/share/ur_description/meshes/ur10/collision/wrist3.stl\n'}
[1.356024] (ur_description) StdoutLine: {'line': b'-- Symlinking: /home/liv/argos_ws/src/install/ur_description/share/ur_description/meshes/ur10/visual/base.dae\n'}
[1.364379] (ur_description) StdoutLine: {'line': b'-- Symlinking: /home/liv/argos_ws/src/install/ur_description/share/ur_description/meshes/ur10/visual/forearm.dae\n'}
[1.373970] (ur_description) StdoutLine: {'line': b'-- Symlinking: /home/liv/argos_ws/src/install/ur_description/share/ur_description/meshes/ur10/visual/shoulder.dae\n'}
[1.383681] (ur_description) StdoutLine: {'line': b'-- Symlinking: /home/liv/argos_ws/src/install/ur_description/share/ur_description/meshes/ur10/visual/upperarm.dae\n'}
[1.392295] (ur_description) StdoutLine: {'line': b'-- Symlinking: /home/liv/argos_ws/src/install/ur_description/share/ur_description/meshes/ur10/visual/wrist1.dae\n'}
[1.400956] (ur_description) StdoutLine: {'line': b'-- Symlinking: /home/liv/argos_ws/src/install/ur_description/share/ur_description/meshes/ur10/visual/wrist2.dae\n'}
[1.401835] (-) TimerEvent: {}
[1.410631] (ur_description) StdoutLine: {'line': b'-- Symlinking: /home/liv/argos_ws/src/install/ur_description/share/ur_description/meshes/ur10/visual/wrist3.dae\n'}
[1.416405] (ur_description) StdoutLine: {'line': b'-- Symlinking: /home/liv/argos_ws/src/install/ur_description/share/ur_description/meshes/ur10e/collision/base.stl\n'}
[1.421609] (ur_description) StdoutLine: {'line': b'-- Symlinking: /home/liv/argos_ws/src/install/ur_description/share/ur_description/meshes/ur10e/collision/forearm.stl\n'}
[1.430157] (ur_description) StdoutLine: {'line': b'-- Symlinking: /home/liv/argos_ws/src/install/ur_description/share/ur_description/meshes/ur10e/collision/shoulder.stl\n'}
[1.436728] (ur_description) StdoutLine: {'line': b'-- Symlinking: /home/liv/argos_ws/src/install/ur_description/share/ur_description/meshes/ur10e/collision/upperarm.stl\n'}
[1.446453] (ur_description) StdoutLine: {'line': b'-- Symlinking: /home/liv/argos_ws/src/install/ur_description/share/ur_description/meshes/ur10e/collision/wrist1.stl\n'}
[1.456270] (ur_description) StdoutLine: {'line': b'-- Symlinking: /home/liv/argos_ws/src/install/ur_description/share/ur_description/meshes/ur10e/collision/wrist2.stl\n'}
[1.465009] (ur_description) StdoutLine: {'line': b'-- Symlinking: /home/liv/argos_ws/src/install/ur_description/share/ur_description/meshes/ur10e/collision/wrist3.stl\n'}
[1.473857] (ur_description) StdoutLine: {'line': b'-- Symlinking: /home/liv/argos_ws/src/install/ur_description/share/ur_description/meshes/ur10e/visual/base.dae\n'}
[1.482818] (ur_description) StdoutLine: {'line': b'-- Symlinking: /home/liv/argos_ws/src/install/ur_description/share/ur_description/meshes/ur10e/visual/forearm.dae\n'}
[1.490310] (ur_description) StdoutLine: {'line': b'-- Symlinking: /home/liv/argos_ws/src/install/ur_description/share/ur_description/meshes/ur10e/visual/shoulder.dae\n'}
[1.498940] (ur_description) StdoutLine: {'line': b'-- Symlinking: /home/liv/argos_ws/src/install/ur_description/share/ur_description/meshes/ur10e/visual/upperarm.dae\n'}
[1.502003] (-) TimerEvent: {}
[1.508470] (ur_description) StdoutLine: {'line': b'-- Symlinking: /home/liv/argos_ws/src/install/ur_description/share/ur_description/meshes/ur10e/visual/wrist1.dae\n'}
[1.517048] (ur_description) StdoutLine: {'line': b'-- Symlinking: /home/liv/argos_ws/src/install/ur_description/share/ur_description/meshes/ur10e/visual/wrist2.dae\n'}
[1.524470] (ur_description) StdoutLine: {'line': b'-- Symlinking: /home/liv/argos_ws/src/install/ur_description/share/ur_description/meshes/ur10e/visual/wrist3.dae\n'}
[1.534772] (ur_description) StdoutLine: {'line': b'-- Symlinking: /home/liv/argos_ws/src/install/ur_description/share/ur_description/meshes/ur15/LICENSE.txt\n'}
[1.544653] (ur_description) StdoutLine: {'line': b'-- Symlinking: /home/liv/argos_ws/src/install/ur_description/share/ur_description/meshes/ur15/collision/base.stl\n'}
[1.554880] (ur_description) StdoutLine: {'line': b'-- Symlinking: /home/liv/argos_ws/src/install/ur_description/share/ur_description/meshes/ur15/collision/forearm.stl\n'}
[1.563261] (ur_description) StdoutLine: {'line': b'-- Symlinking: /home/liv/argos_ws/src/install/ur_description/share/ur_description/meshes/ur15/collision/shoulder.stl\n'}
[1.571873] (ur_description) StdoutLine: {'line': b'-- Symlinking: /home/liv/argos_ws/src/install/ur_description/share/ur_description/meshes/ur15/collision/upperarm.stl\n'}
[1.581332] (ur_description) StdoutLine: {'line': b'-- Symlinking: /home/liv/argos_ws/src/install/ur_description/share/ur_description/meshes/ur15/collision/wrist1.stl\n'}
[1.590841] (ur_description) StdoutLine: {'line': b'-- Symlinking: /home/liv/argos_ws/src/install/ur_description/share/ur_description/meshes/ur15/collision/wrist2.stl\n'}
[1.598676] (ur_description) StdoutLine: {'line': b'-- Symlinking: /home/liv/argos_ws/src/install/ur_description/share/ur_description/meshes/ur15/collision/wrist3.stl\n'}
[1.602192] (-) TimerEvent: {}
[1.607407] (ur_description) StdoutLine: {'line': b'-- Symlinking: /home/liv/argos_ws/src/install/ur_description/share/ur_description/meshes/ur15/visual/UR15_DIFF_8bit_2K.jpg\n'}
[1.616648] (ur_description) StdoutLine: {'line': b'-- Symlinking: /home/liv/argos_ws/src/install/ur_description/share/ur_description/meshes/ur15/visual/base.dae\n'}
[1.626184] (ur_description) StdoutLine: {'line': b'-- Symlinking: /home/liv/argos_ws/src/install/ur_description/share/ur_description/meshes/ur15/visual/forearm.dae\n'}
[1.634651] (ur_description) StdoutLine: {'line': b'-- Symlinking: /home/liv/argos_ws/src/install/ur_description/share/ur_description/meshes/ur15/visual/shoulder.dae\n'}
[1.642705] (ur_description) StdoutLine: {'line': b'-- Symlinking: /home/liv/argos_ws/src/install/ur_description/share/ur_description/meshes/ur15/visual/upperarm.dae\n'}
[1.652192] (ur_description) StdoutLine: {'line': b'-- Symlinking: /home/liv/argos_ws/src/install/ur_description/share/ur_description/meshes/ur15/visual/wrist1.dae\n'}
[1.660734] (ur_description) StdoutLine: {'line': b'-- Symlinking: /home/liv/argos_ws/src/install/ur_description/share/ur_description/meshes/ur15/visual/wrist2.dae\n'}
[1.670000] (ur_description) StdoutLine: {'line': b'-- Symlinking: /home/liv/argos_ws/src/install/ur_description/share/ur_description/meshes/ur15/visual/wrist3.dae\n'}
[1.680364] (ur_description) StdoutLine: {'line': b'-- Symlinking: /home/liv/argos_ws/src/install/ur_description/share/ur_description/meshes/ur16e/collision/forearm.stl\n'}
[1.689866] (ur_description) StdoutLine: {'line': b'-- Symlinking: /home/liv/argos_ws/src/install/ur_description/share/ur_description/meshes/ur16e/collision/upperarm.stl\n'}
[1.699629] (ur_description) StdoutLine: {'line': b'-- Symlinking: /home/liv/argos_ws/src/install/ur_description/share/ur_description/meshes/ur16e/visual/forearm.dae\n'}
[1.702294] (-) TimerEvent: {}
[1.708144] (ur_description) StdoutLine: {'line': b'-- Symlinking: /home/liv/argos_ws/src/install/ur_description/share/ur_description/meshes/ur16e/visual/upperarm.dae\n'}
[1.717387] (ur_description) StdoutLine: {'line': b'-- Symlinking: /home/liv/argos_ws/src/install/ur_description/share/ur_description/meshes/ur18/LICENSE.txt\n'}
[1.726716] (ur_description) StdoutLine: {'line': b'-- Symlinking: /home/liv/argos_ws/src/install/ur_description/share/ur_description/meshes/ur18/collision/forearm.stl\n'}
[1.734725] (ur_description) StdoutLine: {'line': b'-- Symlinking: /home/liv/argos_ws/src/install/ur_description/share/ur_description/meshes/ur18/collision/upperarm.stl\n'}
[1.742953] (ur_description) StdoutLine: {'line': b'-- Symlinking: /home/liv/argos_ws/src/install/ur_description/share/ur_description/meshes/ur18/visual/UR18_DIFF_8bit_2K.jpg\n'}
[1.752298] (ur_description) StdoutLine: {'line': b'-- Symlinking: /home/liv/argos_ws/src/install/ur_description/share/ur_description/meshes/ur18/visual/forearm.dae\n'}
[1.761442] (ur_description) StdoutLine: {'line': b'-- Symlinking: /home/liv/argos_ws/src/install/ur_description/share/ur_description/meshes/ur18/visual/upperarm.dae\n'}
[1.769873] (ur_description) StdoutLine: {'line': b'-- Symlinking: /home/liv/argos_ws/src/install/ur_description/share/ur_description/meshes/ur20/LICENSE.txt\n'}
[1.777872] (ur_description) StdoutLine: {'line': b'-- Symlinking: /home/liv/argos_ws/src/install/ur_description/share/ur_description/meshes/ur20/collision/base.stl\n'}
[1.786786] (ur_description) StdoutLine: {'line': b'-- Symlinking: /home/liv/argos_ws/src/install/ur_description/share/ur_description/meshes/ur20/collision/forearm.stl\n'}
[1.795379] (ur_description) StdoutLine: {'line': b'-- Symlinking: /home/liv/argos_ws/src/install/ur_description/share/ur_description/meshes/ur20/collision/shoulder.stl\n'}
[1.802428] (-) TimerEvent: {}
[1.802843] (ur_description) StdoutLine: {'line': b'-- Symlinking: /home/liv/argos_ws/src/install/ur_description/share/ur_description/meshes/ur20/collision/upperarm.stl\n'}
[1.810107] (ur_description) StdoutLine: {'line': b'-- Symlinking: /home/liv/argos_ws/src/install/ur_description/share/ur_description/meshes/ur20/collision/wrist1.stl\n'}
[1.819847] (ur_description) StdoutLine: {'line': b'-- Symlinking: /home/liv/argos_ws/src/install/ur_description/share/ur_description/meshes/ur20/collision/wrist2.stl\n'}
[1.826490] (ur_description) StdoutLine: {'line': b'-- Symlinking: /home/liv/argos_ws/src/install/ur_description/share/ur_description/meshes/ur20/collision/wrist3.stl\n'}
[1.833226] (ur_description) StdoutLine: {'line': b'-- Symlinking: /home/liv/argos_ws/src/install/ur_description/share/ur_description/meshes/ur20/visual/UR20_DIFF_8bit_2K.png\n'}
[1.838549] (ur_description) StdoutLine: {'line': b'-- Symlinking: /home/liv/argos_ws/src/install/ur_description/share/ur_description/meshes/ur20/visual/base.dae\n'}
[1.846576] (ur_description) StdoutLine: {'line': b'-- Symlinking: /home/liv/argos_ws/src/install/ur_description/share/ur_description/meshes/ur20/visual/forearm.dae\n'}
[1.853974] (ur_description) StdoutLine: {'line': b'-- Symlinking: /home/liv/argos_ws/src/install/ur_description/share/ur_description/meshes/ur20/visual/shoulder.dae\n'}
[1.862131] (ur_description) StdoutLine: {'line': b'-- Symlinking: /home/liv/argos_ws/src/install/ur_description/share/ur_description/meshes/ur20/visual/upperarm.dae\n'}
[1.872501] (ur_description) StdoutLine: {'line': b'-- Symlinking: /home/liv/argos_ws/src/install/ur_description/share/ur_description/meshes/ur20/visual/wrist1.dae\n'}
[1.881496] (ur_description) StdoutLine: {'line': b'-- Symlinking: /home/liv/argos_ws/src/install/ur_description/share/ur_description/meshes/ur20/visual/wrist2.dae\n'}
[1.889012] (ur_description) StdoutLine: {'line': b'-- Symlinking: /home/liv/argos_ws/src/install/ur_description/share/ur_description/meshes/ur20/visual/wrist3.dae\n'}
[1.897484] (ur_description) StdoutLine: {'line': b'-- Symlinking: /home/liv/argos_ws/src/install/ur_description/share/ur_description/meshes/ur3/collision/base.stl\n'}
[1.902508] (-) TimerEvent: {}
[1.905492] (ur_description) StdoutLine: {'line': b'-- Symlinking: /home/liv/argos_ws/src/install/ur_description/share/ur_description/meshes/ur3/collision/forearm.stl\n'}
[1.913078] (ur_description) StdoutLine: {'line': b'-- Symlinking: /home/liv/argos_ws/src/install/ur_description/share/ur_description/meshes/ur3/collision/shoulder.stl\n'}
[1.922796] (ur_description) StdoutLine: {'line': b'-- Symlinking: /home/liv/argos_ws/src/install/ur_description/share/ur_description/meshes/ur3/collision/upperarm.stl\n'}
[1.931482] (ur_description) StdoutLine: {'line': b'-- Symlinking: /home/liv/argos_ws/src/install/ur_description/share/ur_description/meshes/ur3/collision/wrist1.stl\n'}
[1.939257] (ur_description) StdoutLine: {'line': b'-- Symlinking: /home/liv/argos_ws/src/install/ur_description/share/ur_description/meshes/ur3/collision/wrist2.stl\n'}
[1.949041] (ur_description) StdoutLine: {'line': b'-- Symlinking: /home/liv/argos_ws/src/install/ur_description/share/ur_description/meshes/ur3/collision/wrist3.stl\n'}
[1.959245] (ur_description) StdoutLine: {'line': b'-- Symlinking: /home/liv/argos_ws/src/install/ur_description/share/ur_description/meshes/ur3/visual/base.dae\n'}
[1.970374] (ur_description) StdoutLine: {'line': b'-- Symlinking: /home/liv/argos_ws/src/install/ur_description/share/ur_description/meshes/ur3/visual/forearm.dae\n'}
[1.979635] (ur_description) StdoutLine: {'line': b'-- Symlinking: /home/liv/argos_ws/src/install/ur_description/share/ur_description/meshes/ur3/visual/shoulder.dae\n'}
[1.987494] (ur_description) StdoutLine: {'line': b'-- Symlinking: /home/liv/argos_ws/src/install/ur_description/share/ur_description/meshes/ur3/visual/upperarm.dae\n'}
[1.991977] (ur_description) StdoutLine: {'line': b'-- Symlinking: /home/liv/argos_ws/src/install/ur_description/share/ur_description/meshes/ur3/visual/wrist1.dae\n'}
[1.997892] (ur_description) StdoutLine: {'line': b'-- Symlinking: /home/liv/argos_ws/src/install/ur_description/share/ur_description/meshes/ur3/visual/wrist2.dae\n'}
[2.002573] (-) TimerEvent: {}
[2.003303] (ur_description) StdoutLine: {'line': b'-- Symlinking: /home/liv/argos_ws/src/install/ur_description/share/ur_description/meshes/ur3/visual/wrist3.dae\n'}
[2.007500] (ur_description) StdoutLine: {'line': b'-- Symlinking: /home/liv/argos_ws/src/install/ur_description/share/ur_description/meshes/ur30/LICENSE.txt\n'}
[2.013918] (ur_description) StdoutLine: {'line': b'-- Symlinking: /home/liv/argos_ws/src/install/ur_description/share/ur_description/meshes/ur30/collision/forearm.stl\n'}
[2.021095] (ur_description) StdoutLine: {'line': b'-- Symlinking: /home/liv/argos_ws/src/install/ur_description/share/ur_description/meshes/ur30/collision/upperarm.stl\n'}
[2.029996] (ur_description) StdoutLine: {'line': b'-- Symlinking: /home/liv/argos_ws/src/install/ur_description/share/ur_description/meshes/ur30/visual/UR30_DIFF_8bit_2K.png\n'}
[2.039953] (ur_description) StdoutLine: {'line': b'-- Symlinking: /home/liv/argos_ws/src/install/ur_description/share/ur_description/meshes/ur30/visual/forearm.dae\n'}
[2.045886] (ur_description) StdoutLine: {'line': b'-- Symlinking: /home/liv/argos_ws/src/install/ur_description/share/ur_description/meshes/ur30/visual/upperarm.dae\n'}
[2.053494] (ur_description) StdoutLine: {'line': b'-- Symlinking: /home/liv/argos_ws/src/install/ur_description/share/ur_description/meshes/ur3e/collision/base.stl\n'}
[2.058897] (ur_description) StdoutLine: {'line': b'-- Symlinking: /home/liv/argos_ws/src/install/ur_description/share/ur_description/meshes/ur3e/collision/forearm.stl\n'}
[2.063908] (ur_description) StdoutLine: {'line': b'-- Symlinking: /home/liv/argos_ws/src/install/ur_description/share/ur_description/meshes/ur3e/collision/shoulder.stl\n'}
[2.068431] (ur_description) StdoutLine: {'line': b'-- Symlinking: /home/liv/argos_ws/src/install/ur_description/share/ur_description/meshes/ur3e/collision/upperarm.stl\n'}
[2.075873] (ur_description) StdoutLine: {'line': b'-- Symlinking: /home/liv/argos_ws/src/install/ur_description/share/ur_description/meshes/ur3e/collision/wrist1.stl\n'}
[2.081456] (ur_description) StdoutLine: {'line': b'-- Symlinking: /home/liv/argos_ws/src/install/ur_description/share/ur_description/meshes/ur3e/collision/wrist2.stl\n'}
[2.088035] (ur_description) StdoutLine: {'line': b'-- Symlinking: /home/liv/argos_ws/src/install/ur_description/share/ur_description/meshes/ur3e/collision/wrist3.stl\n'}
[2.094300] (ur_description) StdoutLine: {'line': b'-- Symlinking: /home/liv/argos_ws/src/install/ur_description/share/ur_description/meshes/ur3e/visual/base.dae\n'}
[2.102735] (-) TimerEvent: {}
[2.104300] (ur_description) StdoutLine: {'line': b'-- Symlinking: /home/liv/argos_ws/src/install/ur_description/share/ur_description/meshes/ur3e/visual/forearm.dae\n'}
[2.114942] (ur_description) StdoutLine: {'line': b'-- Symlinking: /home/liv/argos_ws/src/install/ur_description/share/ur_description/meshes/ur3e/visual/shoulder.dae\n'}
[2.123599] (ur_description) StdoutLine: {'line': b'-- Symlinking: /home/liv/argos_ws/src/install/ur_description/share/ur_description/meshes/ur3e/visual/upperarm.dae\n'}
[2.133045] (ur_description) StdoutLine: {'line': b'-- Symlinking: /home/liv/argos_ws/src/install/ur_description/share/ur_description/meshes/ur3e/visual/wrist1.dae\n'}
[2.142889] (ur_description) StdoutLine: {'line': b'-- Symlinking: /home/liv/argos_ws/src/install/ur_description/share/ur_description/meshes/ur3e/visual/wrist2.dae\n'}
[2.152857] (ur_description) StdoutLine: {'line': b'-- Symlinking: /home/liv/argos_ws/src/install/ur_description/share/ur_description/meshes/ur3e/visual/wrist3.dae\n'}
[2.159955] (ur_description) StdoutLine: {'line': b'-- Symlinking: /home/liv/argos_ws/src/install/ur_description/share/ur_description/meshes/ur5/collision/base.stl\n'}
[2.166628] (ur_description) StdoutLine: {'line': b'-- Symlinking: /home/liv/argos_ws/src/install/ur_description/share/ur_description/meshes/ur5/collision/forearm.stl\n'}
[2.175872] (ur_description) StdoutLine: {'line': b'-- Symlinking: /home/liv/argos_ws/src/install/ur_description/share/ur_description/meshes/ur5/collision/shoulder.stl\n'}
[2.181772] (ur_description) StdoutLine: {'line': b'-- Symlinking: /home/liv/argos_ws/src/install/ur_description/share/ur_description/meshes/ur5/collision/upperarm.stl\n'}
[2.185903] (ur_description) StdoutLine: {'line': b'-- Symlinking: /home/liv/argos_ws/src/install/ur_description/share/ur_description/meshes/ur5/collision/wrist1.stl\n'}
[2.190282] (ur_description) StdoutLine: {'line': b'-- Symlinking: /home/liv/argos_ws/src/install/ur_description/share/ur_description/meshes/ur5/collision/wrist2.stl\n'}
[2.196144] (ur_description) StdoutLine: {'line': b'-- Symlinking: /home/liv/argos_ws/src/install/ur_description/share/ur_description/meshes/ur5/collision/wrist3.stl\n'}
[2.201888] (ur_description) StdoutLine: {'line': b'-- Symlinking: /home/liv/argos_ws/src/install/ur_description/share/ur_description/meshes/ur5/visual/base.dae\n'}
[2.202907] (-) TimerEvent: {}
[2.207044] (ur_description) StdoutLine: {'line': b'-- Symlinking: /home/liv/argos_ws/src/install/ur_description/share/ur_description/meshes/ur5/visual/forearm.dae\n'}
[2.212784] (ur_description) StdoutLine: {'line': b'-- Symlinking: /home/liv/argos_ws/src/install/ur_description/share/ur_description/meshes/ur5/visual/shoulder.dae\n'}
[2.216516] (ur_description) StdoutLine: {'line': b'-- Symlinking: /home/liv/argos_ws/src/install/ur_description/share/ur_description/meshes/ur5/visual/upperarm.dae\n'}
[2.222622] (ur_description) StdoutLine: {'line': b'-- Symlinking: /home/liv/argos_ws/src/install/ur_description/share/ur_description/meshes/ur5/visual/wrist1.dae\n'}
[2.226910] (ur_description) StdoutLine: {'line': b'-- Symlinking: /home/liv/argos_ws/src/install/ur_description/share/ur_description/meshes/ur5/visual/wrist2.dae\n'}
[2.232249] (ur_description) StdoutLine: {'line': b'-- Symlinking: /home/liv/argos_ws/src/install/ur_description/share/ur_description/meshes/ur5/visual/wrist3.dae\n'}
[2.236252] (ur_description) StdoutLine: {'line': b'-- Symlinking: /home/liv/argos_ws/src/install/ur_description/share/ur_description/meshes/ur5e/collision/base.stl\n'}
[2.242585] (ur_description) StdoutLine: {'line': b'-- Symlinking: /home/liv/argos_ws/src/install/ur_description/share/ur_description/meshes/ur5e/collision/forearm.stl\n'}
[2.248465] (ur_description) StdoutLine: {'line': b'-- Symlinking: /home/liv/argos_ws/src/install/ur_description/share/ur_description/meshes/ur5e/collision/shoulder.stl\n'}
[2.254279] (ur_description) StdoutLine: {'line': b'-- Symlinking: /home/liv/argos_ws/src/install/ur_description/share/ur_description/meshes/ur5e/collision/upperarm.stl\n'}
[2.258940] (ur_description) StdoutLine: {'line': b'-- Symlinking: /home/liv/argos_ws/src/install/ur_description/share/ur_description/meshes/ur5e/collision/wrist1.stl\n'}
[2.262954] (ur_description) StdoutLine: {'line': b'-- Symlinking: /home/liv/argos_ws/src/install/ur_description/share/ur_description/meshes/ur5e/collision/wrist2.stl\n'}
[2.267245] (ur_description) StdoutLine: {'line': b'-- Symlinking: /home/liv/argos_ws/src/install/ur_description/share/ur_description/meshes/ur5e/collision/wrist3.stl\n'}
[2.273354] (ur_description) StdoutLine: {'line': b'-- Symlinking: /home/liv/argos_ws/src/install/ur_description/share/ur_description/meshes/ur5e/visual/base.dae\n'}
[2.279225] (ur_description) StdoutLine: {'line': b'-- Symlinking: /home/liv/argos_ws/src/install/ur_description/share/ur_description/meshes/ur5e/visual/forearm.dae\n'}
[2.283232] (ur_description) StdoutLine: {'line': b'-- Symlinking: /home/liv/argos_ws/src/install/ur_description/share/ur_description/meshes/ur5e/visual/shoulder.dae\n'}
[2.286696] (ur_description) StdoutLine: {'line': b'-- Symlinking: /home/liv/argos_ws/src/install/ur_description/share/ur_description/meshes/ur5e/visual/upperarm.dae\n'}
[2.291266] (ur_description) StdoutLine: {'line': b'-- Symlinking: /home/liv/argos_ws/src/install/ur_description/share/ur_description/meshes/ur5e/visual/wrist1.dae\n'}
[2.295725] (ur_description) StdoutLine: {'line': b'-- Symlinking: /home/liv/argos_ws/src/install/ur_description/share/ur_description/meshes/ur5e/visual/wrist2.dae\n'}
[2.302043] (ur_description) StdoutLine: {'line': b'-- Symlinking: /home/liv/argos_ws/src/install/ur_description/share/ur_description/meshes/ur5e/visual/wrist3.dae\n'}
[2.303022] (-) TimerEvent: {}
[2.311279] (ur_description) StdoutLine: {'line': b'-- Symlinking: /home/liv/argos_ws/src/install/ur_description/share/ur_description/meshes/ur8long/LICENSE.txt\n'}
[2.319882] (ur_description) StdoutLine: {'line': b'-- Symlinking: /home/liv/argos_ws/src/install/ur_description/share/ur_description/meshes/ur8long/collision/forearm.stl\n'}
[2.328960] (ur_description) StdoutLine: {'line': b'-- Symlinking: /home/liv/argos_ws/src/install/ur_description/share/ur_description/meshes/ur8long/collision/upperarm.stl\n'}
[2.339030] (ur_description) StdoutLine: {'line': b'-- Symlinking: /home/liv/argos_ws/src/install/ur_description/share/ur_description/meshes/ur8long/visual/UR8Long_DIFF_8bit_2K.jpg\n'}
[2.346019] (ur_description) StdoutLine: {'line': b'-- Symlinking: /home/liv/argos_ws/src/install/ur_description/share/ur_description/meshes/ur8long/visual/forearm.dae\n'}
[2.356295] (ur_description) StdoutLine: {'line': b'-- Symlinking: /home/liv/argos_ws/src/install/ur_description/share/ur_description/meshes/ur8long/visual/upperarm.dae\n'}
[2.365949] (ur_description) StdoutLine: {'line': b'-- Symlinking: /home/liv/argos_ws/src/install/ur_description/share/ur_description/rviz/view_robot.rviz\n'}
[2.374850] (ur_description) StdoutLine: {'line': b'-- Symlinking: /home/liv/argos_ws/src/install/ur_description/share/ur_description/urdf/compare_fk.py\n'}
[2.382725] (ur_description) StdoutLine: {'line': b'-- Symlinking: /home/liv/argos_ws/src/install/ur_description/share/ur_description/urdf/inc/ur_common.xacro\n'}
[2.390696] (ur_description) StdoutLine: {'line': b'-- Symlinking: /home/liv/argos_ws/src/install/ur_description/share/ur_description/urdf/inc/ur_transmissions.xacro\n'}
[2.399047] (ur_description) StdoutLine: {'line': b'-- Symlinking: /home/liv/argos_ws/src/install/ur_description/share/ur_description/urdf/ur.ros2_control.xacro\n'}
[2.403174] (-) TimerEvent: {}
[2.406828] (ur_description) StdoutLine: {'line': b'-- Symlinking: /home/liv/argos_ws/src/install/ur_description/share/ur_description/urdf/ur.urdf.xacro\n'}
[2.414984] (ur_description) StdoutLine: {'line': b'-- Symlinking: /home/liv/argos_ws/src/install/ur_description/share/ur_description/urdf/ur3_cell.urdf.xacro\n'}
[2.423607] (ur_description) StdoutLine: {'line': b'-- Symlinking: /home/liv/argos_ws/src/install/ur_description/share/ur_description/urdf/ur_macro.xacro\n'}
[2.431992] (ur_description) StdoutLine: {'line': b'-- Symlinking: /home/liv/argos_ws/src/install/ur_description/share/ur_description/test/test_ur_urdf_xacro.py\n'}
[2.440282] (ur_description) StdoutLine: {'line': b'-- Symlinking: /home/liv/argos_ws/src/install/ur_description/share/ur_description/test/test_view_ur_launch.py\n'}
[2.446613] (ur_description) StdoutLine: {'line': b'-- Symlinking: /home/liv/argos_ws/src/install/ur_description/share/ament_index/resource_index/package_run_dependencies/ur_description\n'}
[2.457084] (ur_description) StdoutLine: {'line': b'-- Symlinking: /home/liv/argos_ws/src/install/ur_description/share/ament_index/resource_index/parent_prefix_path/ur_description\n'}
[2.466277] (ur_description) StdoutLine: {'line': b'-- Symlinking: /home/liv/argos_ws/src/install/ur_description/share/ur_description/environment/ament_prefix_path.sh\n'}
[2.475982] (ur_description) StdoutLine: {'line': b'-- Symlinking: /home/liv/argos_ws/src/install/ur_description/share/ur_description/environment/ament_prefix_path.dsv\n'}
[2.484755] (ur_description) StdoutLine: {'line': b'-- Symlinking: /home/liv/argos_ws/src/install/ur_description/share/ur_description/environment/path.sh\n'}
[2.494789] (ur_description) StdoutLine: {'line': b'-- Symlinking: /home/liv/argos_ws/src/install/ur_description/share/ur_description/environment/path.dsv\n'}
[2.503298] (-) TimerEvent: {}
[2.504316] (ur_description) StdoutLine: {'line': b'-- Symlinking: /home/liv/argos_ws/src/install/ur_description/share/ur_description/local_setup.bash\n'}
[2.514222] (ur_description) StdoutLine: {'line': b'-- Symlinking: /home/liv/argos_ws/src/install/ur_description/share/ur_description/local_setup.sh\n'}
[2.520103] (ur_description) StdoutLine: {'line': b'-- Symlinking: /home/liv/argos_ws/src/install/ur_description/share/ur_description/local_setup.zsh\n'}
[2.528592] (ur_description) StdoutLine: {'line': b'-- Symlinking: /home/liv/argos_ws/src/install/ur_description/share/ur_description/local_setup.dsv\n'}
[2.538187] (ur_description) StdoutLine: {'line': b'-- Symlinking: /home/liv/argos_ws/src/install/ur_description/share/ur_description/package.dsv\n'}
[2.543376] (ur_description) StdoutLine: {'line': b'-- Symlinking: /home/liv/argos_ws/src/install/ur_description/share/ament_index/resource_index/packages/ur_description\n'}
[2.551484] (ur_description) StdoutLine: {'line': b'-- Symlinking: /home/liv/argos_ws/src/install/ur_description/share/ur_description/cmake/ur_descriptionConfig.cmake\n'}
[2.560875] (ur_description) StdoutLine: {'line': b'-- Symlinking: /home/liv/argos_ws/src/install/ur_description/share/ur_description/cmake/ur_descriptionConfig-version.cmake\n'}
[2.569036] (ur_description) StdoutLine: {'line': b'-- Symlinking: /home/liv/argos_ws/src/install/ur_description/share/ur_description/package.xml\n'}
[2.579801] (ur_description) CommandEnded: {'returncode': 0}
[2.603651] (-) TimerEvent: {}
[2.614913] (ur_description) JobEnded: {'identifier': 'ur_description', 'rc': 0}
[2.615254] (cone_inspection) JobStarted: {'identifier': 'cone_inspection'}
[2.618593] (ur_simulation_gazebo) JobStarted: {'identifier': 'ur_simulation_gazebo'}
[2.620360] (ur_simulation_gz) JobStarted: {'identifier': 'ur_simulation_gz'}
[2.703751] (-) TimerEvent: {}
[2.758627] (ur_simulation_gazebo) JobProgress: {'identifier': 'ur_simulation_gazebo', 'progress': 'cmake'}
[2.759103] (ur_simulation_gazebo) Command: {'cmd': ['/usr/bin/cmake', '/home/liv/argos_ws/src/Universal_Robots_ROS2_Gazebo_Simulation/ur_simulation_gazebo', '-DAMENT_CMAKE_SYMLINK_INSTALL=1', '-DCMAKE_INSTALL_PREFIX=/home/liv/argos_ws/src/install/ur_simulation_gazebo'], 'cwd': '/home/liv/argos_ws/src/build/ur_simulation_gazebo', 'env': OrderedDict([('LESSOPEN', '| /usr/bin/lesspipe %s'), ('LANGUAGE', 'en_AU:en'), ('USER', 'liv'), ('XDG_SESSION_TYPE', 'x11'), ('SHLVL', '1'), ('LD_LIBRARY_PATH', '/opt/ros/humble/opt/rviz_ogre_vendor/lib:/opt/ros/humble/lib/x86_64-linux-gnu:/opt/ros/humble/lib'), ('HELIOS_MODELS', '/home/liv/rob1/helios_ws/src/helios_src/models'), ('HOME', '/home/liv'), ('OLDPWD', '/home/liv/argos_ws'), ('DESKTOP_SESSION', 'ubuntu-xorg'), ('ROS_PYTHON_VERSION', '3'), ('GNOME_SHELL_SESSION_MODE', 'ubuntu'), ('GTK_MODULES', 'gail:atk-bridge'), ('SYSTEMD_EXEC_PID', '2185'), ('DBUS_SESSION_BUS_ADDRESS', 'unix:path=/run/user/1000/bus'), ('COLORTERM', 'truecolor'), ('COLCON_PREFIX_PATH', '/home/liv/helios_ws/install:/home/liv/41068_ws/install'), ('ROS_DISTRO', 'humble'), ('GTK_IM_MODULE', 'ibus'), ('LOGNAME', 'liv'), ('IGN_GUI_PLUGIN_PATH', '/usr/lib/x86_64-linux-gnu/ign-gui-6/plugins:'), ('_', '/usr/bin/colcon'), ('ROS_VERSION', '2'), ('XDG_SESSION_CLASS', 'user'), ('USERNAME', 'liv'), ('TERM', 'xterm-256color'), ('GNOME_DESKTOP_SESSION_ID', 'this-is-deprecated'), ('ROS_LOCALHOST_ONLY', '1'), ('WINDOWPATH', '2'), ('PATH', '/opt/ros/humble/bin:/home/liv/.local/bin:/usr/local/sbin:/usr/local/bin:/usr/sbin:/usr/bin:/sbin:/bin:/usr/games:/usr/local/games:/snap/bin:/snap/bin'), ('SESSION_MANAGER', 'local/raspberry:@/tmp/.ICE-unix/2157,unix/raspberry:/tmp/.ICE-unix/2157'), ('XDG_MENU_PREFIX', 'gnome-'), ('GNOME_TERMINAL_SCREEN', '/org/gnome/Terminal/screen/4b93bc42_28c5_449c_a183_96af38748d65'), ('XDG_RUNTIME_DIR', '/run/user/1000'), ('DISPLAY', ':0'), ('LANG', 'en_US.UTF-8'), ('XDG_CURRENT_DESKTOP', 'ubuntu:GNOME'), ('XMODIFIERS', '@im=ibus'), ('XDG_SESSION_DESKTOP', 'ubuntu-xorg'), ('XAUTHORITY', '/run/user/1000/gdm/Xauthority'), ('LS_COLORS', 'rs=0:di=01;34:ln=01;36:mh=00:pi=40;33:so=01;35:do=01;35:bd=40;33;01:cd=40;33;01:or=40;31;01:mi=00:su=37;41:sg=30;43:ca=30;41:tw=30;42:ow=34;42:st=37;44:ex=01;32:*.tar=01;31:*.tgz=01;31:*.arc=01;31:*.arj=01;31:*.taz=01;31:*.lha=01;31:*.lz4=01;31:*.lzh=01;31:*.lzma=01;31:*.tlz=01;31:*.txz=01;31:*.tzo=01;31:*.t7z=01;31:*.zip=01;31:*.z=01;31:*.dz=01;31:*.gz=01;31:*.lrz=01;31:*.lz=01;31:*.lzo=01;31:*.xz=01;31:*.zst=01;31:*.tzst=01;31:*.bz2=01;31:*.bz=01;31:*.tbz=01;31:*.tbz2=01;31:*.tz=01;31:*.deb=01;31:*.rpm=01;31:*.jar=01;31:*.war=01;31:*.ear=01;31:*.sar=01;31:*.rar=01;31:*.alz=01;31:*.ace=01;31:*.zoo=01;31:*.cpio=01;31:*.7z=01;31:*.rz=01;31:*.cab=01;31:*.wim=01;31:*.swm=01;31:*.dwm=01;31:*.esd=01;31:*.jpg=01;35:*.jpeg=01;35:*.mjpg=01;35:*.mjpeg=01;35:*.gif=01;35:*.bmp=01;35:*.pbm=01;35:*.pgm=01;35:*.ppm=01;35:*.tga=01;35:*.xbm=01;35:*.xpm=01;35:*.tif=01;35:*.tiff=01;35:*.png=01;35:*.svg=01;35:*.svgz=01;35:*.mng=01;35:*.pcx=01;35:*.mov=01;35:*.mpg=01;35:*.mpeg=01;35:*.m2v=01;35:*.mkv=01;35:*.webm=01;35:*.webp=01;35:*.ogm=01;35:*.mp4=01;35:*.m4v=01;35:*.mp4v=01;35:*.vob=01;35:*.qt=01;35:*.nuv=01;35:*.wmv=01;35:*.asf=01;35:*.rm=01;35:*.rmvb=01;35:*.flc=01;35:*.avi=01;35:*.fli=01;35:*.flv=01;35:*.gl=01;35:*.dl=01;35:*.xcf=01;35:*.xwd=01;35:*.yuv=01;35:*.cgm=01;35:*.emf=01;35:*.ogv=01;35:*.ogx=01;35:*.aac=00;36:*.au=00;36:*.flac=00;36:*.m4a=00;36:*.mid=00;36:*.midi=00;36:*.mka=00;36:*.mp3=00;36:*.mpc=00;36:*.ogg=00;36:*.ra=00;36:*.wav=00;36:*.oga=00;36:*.opus=00;36:*.spx=00;36:*.xspf=00;36:'), ('GNOME_TERMINAL_SERVICE', ':1.102'), ('SSH_AGENT_LAUNCHER', 'gnome-keyring'), ('SSH_AUTH_SOCK', '/run/user/1000/keyring/ssh'), ('AMENT_PREFIX_PATH', '/home/liv/argos_ws/src/install/ur_description:/home/liv/helios_ws/install/fire_sim:/home/liv/helios_ws/install/fire_sensors:/home/liv/helios_ws/install/fire_satellite:/home/liv/helios_ws/install/fire_drone:/home/liv/helios_ws/install/fire_autonomy:/home/liv/helios_ws/install/41068_ignition_bringup:/home/liv/41068_ws/install/41068_ignition_bringup:/opt/ros/humble'), ('SHELL', '/bin/bash'), ('QT_ACCESSIBILITY', '1'), ('GDMSESSION', 'ubuntu-xorg'), ('LESSCLOSE', '/usr/bin/lesspipe %s %s'), ('IGN_GAZEBO_RESOURCE_PATH', '/home/liv/rob1/helios_ws/src/helios_src/models:'), ('GPG_AGENT_INFO', '/run/user/1000/gnupg/S.gpg-agent:0:1'), ('QT_IM_MODULE', 'ibus'), ('PWD', '/home/liv/argos_ws/src/build/ur_simulation_gazebo'), ('LC_ALL', 'en_US.UTF-8'), ('XDG_CONFIG_DIRS', '/etc/xdg/xdg-ubuntu-xorg:/etc/xdg'), ('XDG_DATA_DIRS', '/usr/share/ubuntu-xorg:/usr/share/gnome:/usr/local/share/:/usr/share/:/var/lib/snapd/desktop'), ('PYTHONPATH', '/home/liv/helios_ws/install/fire_sim/lib/python3.10/site-packages:/opt/ros/humble/lib/python3.10/site-packages:/opt/ros/humble/local/lib/python3.10/dist-packages'), ('COLCON', '1'), ('VTE_VERSION', '6800'), ('CMAKE_PREFIX_PATH', '/home/liv/argos_ws/src/install/ur_description:/home/liv/helios_ws/install/fire_sensors:/home/liv/helios_ws/install/fire_satellite:/home/liv/helios_ws/install/fire_drone:/home/liv/helios_ws/install/fire_autonomy:/home/liv/helios_ws/install/41068_ignition_bringup:/home/liv/41068_ws/install/41068_ignition_bringup:/home/liv/helios_ws/install/fire_sim:/opt/ros/humble')]), 'shell': False}
[2.760122] (ur_simulation_gz) JobProgress: {'identifier': 'ur_simulation_gz', 'progress': 'cmake'}
[2.760528] (ur_simulation_gz) Command: {'cmd': ['/usr/bin/cmake', '/home/liv/argos_ws/src/ur_simulation_gz/ur_simulation_gz', '-DAMENT_CMAKE_SYMLINK_INSTALL=1', '-DCMAKE_INSTALL_PREFIX=/home/liv/argos_ws/src/install/ur_simulation_gz'], 'cwd': '/home/liv/argos_ws/src/build/ur_simulation_gz', 'env': OrderedDict([('LESSOPEN', '| /usr/bin/lesspipe %s'), ('LANGUAGE', 'en_AU:en'), ('USER', 'liv'), ('XDG_SESSION_TYPE', 'x11'), ('SHLVL', '1'), ('LD_LIBRARY_PATH', '/opt/ros/humble/opt/rviz_ogre_vendor/lib:/opt/ros/humble/lib/x86_64-linux-gnu:/opt/ros/humble/lib'), ('HELIOS_MODELS', '/home/liv/rob1/helios_ws/src/helios_src/models'), ('HOME', '/home/liv'), ('OLDPWD', '/home/liv/argos_ws'), ('DESKTOP_SESSION', 'ubuntu-xorg'), ('ROS_PYTHON_VERSION', '3'), ('GNOME_SHELL_SESSION_MODE', 'ubuntu'), ('GTK_MODULES', 'gail:atk-bridge'), ('SYSTEMD_EXEC_PID', '2185'), ('DBUS_SESSION_BUS_ADDRESS', 'unix:path=/run/user/1000/bus'), ('COLORTERM', 'truecolor'), ('COLCON_PREFIX_PATH', '/home/liv/helios_ws/install:/home/liv/41068_ws/install'), ('ROS_DISTRO', 'humble'), ('GTK_IM_MODULE', 'ibus'), ('LOGNAME', 'liv'), ('IGN_GUI_PLUGIN_PATH', '/usr/lib/x86_64-linux-gnu/ign-gui-6/plugins:'), ('_', '/usr/bin/colcon'), ('ROS_VERSION', '2'), ('XDG_SESSION_CLASS', 'user'), ('USERNAME', 'liv'), ('TERM', 'xterm-256color'), ('GNOME_DESKTOP_SESSION_ID', 'this-is-deprecated'), ('ROS_LOCALHOST_ONLY', '1'), ('WINDOWPATH', '2'), ('PATH', '/opt/ros/humble/bin:/home/liv/.local/bin:/usr/local/sbin:/usr/local/bin:/usr/sbin:/usr/bin:/sbin:/bin:/usr/games:/usr/local/games:/snap/bin:/snap/bin'), ('SESSION_MANAGER', 'local/raspberry:@/tmp/.ICE-unix/2157,unix/raspberry:/tmp/.ICE-unix/2157'), ('XDG_MENU_PREFIX', 'gnome-'), ('GNOME_TERMINAL_SCREEN', '/org/gnome/Terminal/screen/4b93bc42_28c5_449c_a183_96af38748d65'), ('XDG_RUNTIME_DIR', '/run/user/1000'), ('DISPLAY', ':0'), ('LANG', 'en_US.UTF-8'), ('XDG_CURRENT_DESKTOP', 'ubuntu:GNOME'), ('XMODIFIERS', '@im=ibus'), ('XDG_SESSION_DESKTOP', 'ubuntu-xorg'), ('XAUTHORITY', '/run/user/1000/gdm/Xauthority'), ('LS_COLORS', 'rs=0:di=01;34:ln=01;36:mh=00:pi=40;33:so=01;35:do=01;35:bd=40;33;01:cd=40;33;01:or=40;31;01:mi=00:su=37;41:sg=30;43:ca=30;41:tw=30;42:ow=34;42:st=37;44:ex=01;32:*.tar=01;31:*.tgz=01;31:*.arc=01;31:*.arj=01;31:*.taz=01;31:*.lha=01;31:*.lz4=01;31:*.lzh=01;31:*.lzma=01;31:*.tlz=01;31:*.txz=01;31:*.tzo=01;31:*.t7z=01;31:*.zip=01;31:*.z=01;31:*.dz=01;31:*.gz=01;31:*.lrz=01;31:*.lz=01;31:*.lzo=01;31:*.xz=01;31:*.zst=01;31:*.tzst=01;31:*.bz2=01;31:*.bz=01;31:*.tbz=01;31:*.tbz2=01;31:*.tz=01;31:*.deb=01;31:*.rpm=01;31:*.jar=01;31:*.war=01;31:*.ear=01;31:*.sar=01;31:*.rar=01;31:*.alz=01;31:*.ace=01;31:*.zoo=01;31:*.cpio=01;31:*.7z=01;31:*.rz=01;31:*.cab=01;31:*.wim=01;31:*.swm=01;31:*.dwm=01;31:*.esd=01;31:*.jpg=01;35:*.jpeg=01;35:*.mjpg=01;35:*.mjpeg=01;35:*.gif=01;35:*.bmp=01;35:*.pbm=01;35:*.pgm=01;35:*.ppm=01;35:*.tga=01;35:*.xbm=01;35:*.xpm=01;35:*.tif=01;35:*.tiff=01;35:*.png=01;35:*.svg=01;35:*.svgz=01;35:*.mng=01;35:*.pcx=01;35:*.mov=01;35:*.mpg=01;35:*.mpeg=01;35:*.m2v=01;35:*.mkv=01;35:*.webm=01;35:*.webp=01;35:*.ogm=01;35:*.mp4=01;35:*.m4v=01;35:*.mp4v=01;35:*.vob=01;35:*.qt=01;35:*.nuv=01;35:*.wmv=01;35:*.asf=01;35:*.rm=01;35:*.rmvb=01;35:*.flc=01;35:*.avi=01;35:*.fli=01;35:*.flv=01;35:*.gl=01;35:*.dl=01;35:*.xcf=01;35:*.xwd=01;35:*.yuv=01;35:*.cgm=01;35:*.emf=01;35:*.ogv=01;35:*.ogx=01;35:*.aac=00;36:*.au=00;36:*.flac=00;36:*.m4a=00;36:*.mid=00;36:*.midi=00;36:*.mka=00;36:*.mp3=00;36:*.mpc=00;36:*.ogg=00;36:*.ra=00;36:*.wav=00;36:*.oga=00;36:*.opus=00;36:*.spx=00;36:*.xspf=00;36:'), ('GNOME_TERMINAL_SERVICE', ':1.102'), ('SSH_AGENT_LAUNCHER', 'gnome-keyring'), ('SSH_AUTH_SOCK', '/run/user/1000/keyring/ssh'), ('AMENT_PREFIX_PATH', '/home/liv/argos_ws/src/install/ur_description:/home/liv/helios_ws/install/fire_sim:/home/liv/helios_ws/install/fire_sensors:/home/liv/helios_ws/install/fire_satellite:/home/liv/helios_ws/install/fire_drone:/home/liv/helios_ws/install/fire_autonomy:/home/liv/helios_ws/install/41068_ignition_bringup:/home/liv/41068_ws/install/41068_ignition_bringup:/opt/ros/humble'), ('SHELL', '/bin/bash'), ('QT_ACCESSIBILITY', '1'), ('GDMSESSION', 'ubuntu-xorg'), ('LESSCLOSE', '/usr/bin/lesspipe %s %s'), ('IGN_GAZEBO_RESOURCE_PATH', '/home/liv/rob1/helios_ws/src/helios_src/models:'), ('GPG_AGENT_INFO', '/run/user/1000/gnupg/S.gpg-agent:0:1'), ('QT_IM_MODULE', 'ibus'), ('PWD', '/home/liv/argos_ws/src/build/ur_simulation_gz'), ('LC_ALL', 'en_US.UTF-8'), ('XDG_CONFIG_DIRS', '/etc/xdg/xdg-ubuntu-xorg:/etc/xdg'), ('XDG_DATA_DIRS', '/usr/share/ubuntu-xorg:/usr/share/gnome:/usr/local/share/:/usr/share/:/var/lib/snapd/desktop'), ('PYTHONPATH', '/home/liv/helios_ws/install/fire_sim/lib/python3.10/site-packages:/opt/ros/humble/lib/python3.10/site-packages:/opt/ros/humble/local/lib/python3.10/dist-packages'), ('COLCON', '1'), ('VTE_VERSION', '6800'), ('CMAKE_PREFIX_PATH', '/home/liv/argos_ws/src/install/ur_description:/home/liv/helios_ws/install/fire_sensors:/home/liv/helios_ws/install/fire_satellite:/home/liv/helios_ws/install/fire_drone:/home/liv/helios_ws/install/fire_autonomy:/home/liv/helios_ws/install/41068_ignition_bringup:/home/liv/41068_ws/install/41068_ignition_bringup:/home/liv/helios_ws/install/fire_sim:/opt/ros/humble')]), 'shell': False}
[2.795945] (ur_simulation_gz) StdoutLine: {'line': b'-- The C compiler identification is GNU 11.4.0\n'}
[2.797563] (ur_simulation_gazebo) StdoutLine: {'line': b'-- The C compiler identification is GNU 11.4.0\n'}
[2.803930] (-) TimerEvent: {}
[2.832462] (ur_simulation_gazebo) StdoutLine: {'line': b'-- The CXX compiler identification is GNU 11.4.0\n'}
[2.833704] (ur_simulation_gz) StdoutLine: {'line': b'-- The CXX compiler identification is GNU 11.4.0\n'}
[2.836526] (ur_simulation_gazebo) StdoutLine: {'line': b'-- Detecting C compiler ABI info\n'}
[2.838591] (ur_simulation_gz) StdoutLine: {'line': b'-- Detecting C compiler ABI info\n'}
[2.882795] (ur_simulation_gz) StdoutLine: {'line': b'-- Detecting C compiler ABI info - done\n'}
[2.883064] (ur_simulation_gazebo) StdoutLine: {'line': b'-- Detecting C compiler ABI info - done\n'}
[2.887770] (ur_simulation_gazebo) StdoutLine: {'line': b'-- Check for working C compiler: /usr/bin/cc - skipped\n'}
[2.887871] (ur_simulation_gazebo) StdoutLine: {'line': b'-- Detecting C compile features\n'}
[2.888146] (ur_simulation_gazebo) StdoutLine: {'line': b'-- Detecting C compile features - done\n'}
[2.888600] (ur_simulation_gz) StdoutLine: {'line': b'-- Check for working C compiler: /usr/bin/cc - skipped\n'}
[2.888691] (ur_simulation_gz) StdoutLine: {'line': b'-- Detecting C compile features\n'}
[2.888829] (ur_simulation_gz) StdoutLine: {'line': b'-- Detecting C compile features - done\n'}
[2.889747] (ur_simulation_gazebo) StdoutLine: {'line': b'-- Detecting CXX compiler ABI info\n'}
[2.890462] (ur_simulation_gz) StdoutLine: {'line': b'-- Detecting CXX compiler ABI info\n'}
[2.904012] (-) TimerEvent: {}
[2.939615] (ur_simulation_gazebo) StdoutLine: {'line': b'-- Detecting CXX compiler ABI info - done\n'}
[2.941168] (ur_simulation_gz) StdoutLine: {'line': b'-- Detecting CXX compiler ABI info - done\n'}
[2.943851] (ur_simulation_gazebo) StdoutLine: {'line': b'-- Check for working CXX compiler: /usr/bin/c++ - skipped\n'}
[2.943936] (ur_simulation_gazebo) StdoutLine: {'line': b'-- Detecting CXX compile features\n'}
[2.944024] (ur_simulation_gazebo) StdoutLine: {'line': b'-- Detecting CXX compile features - done\n'}
[2.945748] (ur_simulation_gazebo) StdoutLine: {'line': b'-- Found ament_cmake: 1.3.14 (/opt/ros/humble/share/ament_cmake/cmake)\n'}
[2.946365] (ur_simulation_gz) StdoutLine: {'line': b'-- Check for working CXX compiler: /usr/bin/c++ - skipped\n'}
[2.946464] (ur_simulation_gz) StdoutLine: {'line': b'-- Detecting CXX compile features\n'}
[2.946773] (ur_simulation_gz) StdoutLine: {'line': b'-- Detecting CXX compile features - done\n'}
[2.948647] (ur_simulation_gz) StdoutLine: {'line': b'-- Found ament_cmake: 1.3.14 (/opt/ros/humble/share/ament_cmake/cmake)\n'}
[3.004121] (-) TimerEvent: {}
[3.041109] (ur_simulation_gz) StdoutLine: {'line': b'-- Found Python3: /usr/bin/python3 (found version "3.10.12") found components: Interpreter \n'}
[3.045489] (ur_simulation_gazebo) StdoutLine: {'line': b'-- Found Python3: /usr/bin/python3 (found version "3.10.12") found components: Interpreter \n'}
[3.077020] (ur_simulation_gz) StdoutLine: {'line': b'-- Override CMake install command with custom implementation using symlinks instead of copying resources\n'}
[3.078453] (ur_simulation_gazebo) StdoutLine: {'line': b'-- Override CMake install command with custom implementation using symlinks instead of copying resources\n'}
[3.100660] (ur_simulation_gazebo) StdoutLine: {'line': b'-- Found launch_testing_ament_cmake: 1.0.15 (/opt/ros/humble/share/launch_testing_ament_cmake/cmake)\n'}
[3.100843] (ur_simulation_gz) StdoutLine: {'line': b'-- Found launch_testing_ament_cmake: 1.0.15 (/opt/ros/humble/share/launch_testing_ament_cmake/cmake)\n'}
[3.103745] (ur_simulation_gz) StdoutLine: {'line': b'-- Found python_cmake_module: 0.10.0 (/opt/ros/humble/share/python_cmake_module/cmake)\n'}
[3.103921] (ur_simulation_gazebo) StdoutLine: {'line': b'-- Found python_cmake_module: 0.10.0 (/opt/ros/humble/share/python_cmake_module/cmake)\n'}
[3.104178] (-) TimerEvent: {}
[3.117802] (ur_simulation_gazebo) StdoutLine: {'line': b'-- Found PythonInterp: /usr/bin/python3 (found suitable version "3.10.12", minimum required is "3.6") \n'}
[3.118175] (ur_simulation_gz) StdoutLine: {'line': b'-- Found PythonInterp: /usr/bin/python3 (found suitable version "3.10.12", minimum required is "3.6") \n'}
[3.125745] (ur_simulation_gazebo) StdoutLine: {'line': b'-- Found PythonLibs: /usr/lib/x86_64-linux-gnu/libpython3.10.so (found suitable version "3.10.12", minimum required is "3.5") \n'}
[3.125875] (ur_simulation_gazebo) StdoutLine: {'line': b'-- Using PYTHON_EXECUTABLE: /usr/bin/python3\n'}
[3.125931] (ur_simulation_gazebo) StdoutLine: {'line': b'-- Using PYTHON_INCLUDE_DIRS: /usr/include/python3.10\n'}
[3.125985] (ur_simulation_gazebo) StdoutLine: {'line': b'-- Using PYTHON_LIBRARIES: /usr/lib/x86_64-linux-gnu/libpython3.10.so\n'}
[3.126036] (ur_simulation_gz) StdoutLine: {'line': b'-- Found PythonLibs: /usr/lib/x86_64-linux-gnu/libpython3.10.so (found suitable version "3.10.12", minimum required is "3.5") \n'}
[3.126097] (ur_simulation_gz) StdoutLine: {'line': b'-- Using PYTHON_EXECUTABLE: /usr/bin/python3\n'}
[3.126146] (ur_simulation_gz) StdoutLine: {'line': b'-- Using PYTHON_INCLUDE_DIRS: /usr/include/python3.10\n'}
[3.126194] (ur_simulation_gz) StdoutLine: {'line': b'-- Using PYTHON_LIBRARIES: /usr/lib/x86_64-linux-gnu/libpython3.10.so\n'}
[3.137411] (ur_simulation_gazebo) StdoutLine: {'line': b'-- Found PythonExtra: .so  \n'}
[3.138588] (ur_simulation_gz) StdoutLine: {'line': b'-- Found PythonExtra: .so  \n'}
[3.139480] (ur_simulation_gazebo) StdoutLine: {'line': b'-- Found ament_cmake_pytest: 1.3.14 (/opt/ros/humble/share/ament_cmake_pytest/cmake)\n'}
[3.140346] (ur_simulation_gz) StdoutLine: {'line': b'-- Found ament_cmake_pytest: 1.3.14 (/opt/ros/humble/share/ament_cmake_pytest/cmake)\n'}
[3.141390] (cone_inspection) Command: {'cmd': ['/usr/bin/python3', '-W', 'ignore:setup.py install is deprecated', '-W', 'ignore:easy_install command is deprecated', 'setup.py', 'develop', '--editable', '--build-directory', '/home/liv/argos_ws/src/build/cone_inspection/build', '--no-deps', 'symlink_data'], 'cwd': '/home/liv/argos_ws/src/build/cone_inspection', 'env': OrderedDict([('LESSOPEN', '| /usr/bin/lesspipe %s'), ('LANGUAGE', 'en_AU:en'), ('USER', 'liv'), ('XDG_SESSION_TYPE', 'x11'), ('SHLVL', '1'), ('LD_LIBRARY_PATH', '/opt/ros/humble/opt/rviz_ogre_vendor/lib:/opt/ros/humble/lib/x86_64-linux-gnu:/opt/ros/humble/lib'), ('HELIOS_MODELS', '/home/liv/rob1/helios_ws/src/helios_src/models'), ('HOME', '/home/liv'), ('OLDPWD', '/home/liv/argos_ws'), ('DESKTOP_SESSION', 'ubuntu-xorg'), ('ROS_PYTHON_VERSION', '3'), ('GNOME_SHELL_SESSION_MODE', 'ubuntu'), ('GTK_MODULES', 'gail:atk-bridge'), ('SYSTEMD_EXEC_PID', '2185'), ('DBUS_SESSION_BUS_ADDRESS', 'unix:path=/run/user/1000/bus'), ('COLORTERM', 'truecolor'), ('COLCON_PREFIX_PATH', '/home/liv/helios_ws/install:/home/liv/41068_ws/install'), ('ROS_DISTRO', 'humble'), ('GTK_IM_MODULE', 'ibus'), ('LOGNAME', 'liv'), ('IGN_GUI_PLUGIN_PATH', '/usr/lib/x86_64-linux-gnu/ign-gui-6/plugins:'), ('_', '/usr/bin/colcon'), ('ROS_VERSION', '2'), ('XDG_SESSION_CLASS', 'user'), ('USERNAME', 'liv'), ('TERM', 'xterm-256color'), ('GNOME_DESKTOP_SESSION_ID', 'this-is-deprecated'), ('ROS_LOCALHOST_ONLY', '1'), ('WINDOWPATH', '2'), ('PATH', '/opt/ros/humble/bin:/home/liv/.local/bin:/usr/local/sbin:/usr/local/bin:/usr/sbin:/usr/bin:/sbin:/bin:/usr/games:/usr/local/games:/snap/bin:/snap/bin'), ('SESSION_MANAGER', 'local/raspberry:@/tmp/.ICE-unix/2157,unix/raspberry:/tmp/.ICE-unix/2157'), ('XDG_MENU_PREFIX', 'gnome-'), ('GNOME_TERMINAL_SCREEN', '/org/gnome/Terminal/screen/4b93bc42_28c5_449c_a183_96af38748d65'), ('XDG_RUNTIME_DIR', '/run/user/1000'), ('DISPLAY', ':0'), ('LANG', 'en_US.UTF-8'), ('XDG_CURRENT_DESKTOP', 'ubuntu:GNOME'), ('XMODIFIERS', '@im=ibus'), ('XDG_SESSION_DESKTOP', 'ubuntu-xorg'), ('XAUTHORITY', '/run/user/1000/gdm/Xauthority'), ('LS_COLORS', 'rs=0:di=01;34:ln=01;36:mh=00:pi=40;33:so=01;35:do=01;35:bd=40;33;01:cd=40;33;01:or=40;31;01:mi=00:su=37;41:sg=30;43:ca=30;41:tw=30;42:ow=34;42:st=37;44:ex=01;32:*.tar=01;31:*.tgz=01;31:*.arc=01;31:*.arj=01;31:*.taz=01;31:*.lha=01;31:*.lz4=01;31:*.lzh=01;31:*.lzma=01;31:*.tlz=01;31:*.txz=01;31:*.tzo=01;31:*.t7z=01;31:*.zip=01;31:*.z=01;31:*.dz=01;31:*.gz=01;31:*.lrz=01;31:*.lz=01;31:*.lzo=01;31:*.xz=01;31:*.zst=01;31:*.tzst=01;31:*.bz2=01;31:*.bz=01;31:*.tbz=01;31:*.tbz2=01;31:*.tz=01;31:*.deb=01;31:*.rpm=01;31:*.jar=01;31:*.war=01;31:*.ear=01;31:*.sar=01;31:*.rar=01;31:*.alz=01;31:*.ace=01;31:*.zoo=01;31:*.cpio=01;31:*.7z=01;31:*.rz=01;31:*.cab=01;31:*.wim=01;31:*.swm=01;31:*.dwm=01;31:*.esd=01;31:*.jpg=01;35:*.jpeg=01;35:*.mjpg=01;35:*.mjpeg=01;35:*.gif=01;35:*.bmp=01;35:*.pbm=01;35:*.pgm=01;35:*.ppm=01;35:*.tga=01;35:*.xbm=01;35:*.xpm=01;35:*.tif=01;35:*.tiff=01;35:*.png=01;35:*.svg=01;35:*.svgz=01;35:*.mng=01;35:*.pcx=01;35:*.mov=01;35:*.mpg=01;35:*.mpeg=01;35:*.m2v=01;35:*.mkv=01;35:*.webm=01;35:*.webp=01;35:*.ogm=01;35:*.mp4=01;35:*.m4v=01;35:*.mp4v=01;35:*.vob=01;35:*.qt=01;35:*.nuv=01;35:*.wmv=01;35:*.asf=01;35:*.rm=01;35:*.rmvb=01;35:*.flc=01;35:*.avi=01;35:*.fli=01;35:*.flv=01;35:*.gl=01;35:*.dl=01;35:*.xcf=01;35:*.xwd=01;35:*.yuv=01;35:*.cgm=01;35:*.emf=01;35:*.ogv=01;35:*.ogx=01;35:*.aac=00;36:*.au=00;36:*.flac=00;36:*.m4a=00;36:*.mid=00;36:*.midi=00;36:*.mka=00;36:*.mp3=00;36:*.mpc=00;36:*.ogg=00;36:*.ra=00;36:*.wav=00;36:*.oga=00;36:*.opus=00;36:*.spx=00;36:*.xspf=00;36:'), ('GNOME_TERMINAL_SERVICE', ':1.102'), ('SSH_AGENT_LAUNCHER', 'gnome-keyring'), ('SSH_AUTH_SOCK', '/run/user/1000/keyring/ssh'), ('AMENT_PREFIX_PATH', '/home/liv/argos_ws/src/install/ur_description:/home/liv/helios_ws/install/fire_sim:/home/liv/helios_ws/install/fire_sensors:/home/liv/helios_ws/install/fire_satellite:/home/liv/helios_ws/install/fire_drone:/home/liv/helios_ws/install/fire_autonomy:/home/liv/helios_ws/install/41068_ignition_bringup:/home/liv/41068_ws/install/41068_ignition_bringup:/opt/ros/humble'), ('SHELL', '/bin/bash'), ('QT_ACCESSIBILITY', '1'), ('GDMSESSION', 'ubuntu-xorg'), ('LESSCLOSE', '/usr/bin/lesspipe %s %s'), ('IGN_GAZEBO_RESOURCE_PATH', '/home/liv/rob1/helios_ws/src/helios_src/models:'), ('GPG_AGENT_INFO', '/run/user/1000/gnupg/S.gpg-agent:0:1'), ('QT_IM_MODULE', 'ibus'), ('PWD', '/home/liv/argos_ws/src/build/cone_inspection'), ('LC_ALL', 'en_US.UTF-8'), ('XDG_CONFIG_DIRS', '/etc/xdg/xdg-ubuntu-xorg:/etc/xdg'), ('XDG_DATA_DIRS', '/usr/share/ubuntu-xorg:/usr/share/gnome:/usr/local/share/:/usr/share/:/var/lib/snapd/desktop'), ('PYTHONPATH', '/home/liv/argos_ws/src/build/cone_inspection/prefix_override:/usr/lib/python3/dist-packages/colcon_core/task/python/colcon_distutils_commands:/home/liv/argos_ws/src/install/cone_inspection/lib/python3.10/site-packages:/home/liv/helios_ws/install/fire_sim/lib/python3.10/site-packages:/opt/ros/humble/lib/python3.10/site-packages:/opt/ros/humble/local/lib/python3.10/dist-packages'), ('COLCON', '1'), ('VTE_VERSION', '6800'), ('CMAKE_PREFIX_PATH', '/home/liv/argos_ws/src/install/ur_description:/home/liv/helios_ws/install/fire_sensors:/home/liv/helios_ws/install/fire_satellite:/home/liv/helios_ws/install/fire_drone:/home/liv/helios_ws/install/fire_autonomy:/home/liv/helios_ws/install/41068_ignition_bringup:/home/liv/41068_ws/install/41068_ignition_bringup')]), 'shell': False}
[3.177888] (ur_simulation_gazebo) StdoutLine: {'line': b'-- Configuring done\n'}
[3.178933] (ur_simulation_gz) StdoutLine: {'line': b'-- Configuring done\n'}
[3.179092] (ur_simulation_gazebo) StdoutLine: {'line': b'-- Generating done\n'}
[3.179752] (ur_simulation_gazebo) StdoutLine: {'line': b'-- Build files have been written to: /home/liv/argos_ws/src/build/ur_simulation_gazebo\n'}
[3.179977] (ur_simulation_gz) StdoutLine: {'line': b'-- Generating done\n'}
[3.180643] (ur_simulation_gz) StdoutLine: {'line': b'-- Build files have been written to: /home/liv/argos_ws/src/build/ur_simulation_gz\n'}
[3.182932] (ur_simulation_gazebo) CommandEnded: {'returncode': 0}
[3.183322] (ur_simulation_gazebo) JobProgress: {'identifier': 'ur_simulation_gazebo', 'progress': 'build'}
[3.184185] (ur_simulation_gazebo) Command: {'cmd': ['/usr/bin/cmake', '--build', '/home/liv/argos_ws/src/build/ur_simulation_gazebo', '--', '-j24', '-l24'], 'cwd': '/home/liv/argos_ws/src/build/ur_simulation_gazebo', 'env': OrderedDict([('LESSOPEN', '| /usr/bin/lesspipe %s'), ('LANGUAGE', 'en_AU:en'), ('USER', 'liv'), ('XDG_SESSION_TYPE', 'x11'), ('SHLVL', '1'), ('LD_LIBRARY_PATH', '/opt/ros/humble/opt/rviz_ogre_vendor/lib:/opt/ros/humble/lib/x86_64-linux-gnu:/opt/ros/humble/lib'), ('HELIOS_MODELS', '/home/liv/rob1/helios_ws/src/helios_src/models'), ('HOME', '/home/liv'), ('OLDPWD', '/home/liv/argos_ws'), ('DESKTOP_SESSION', 'ubuntu-xorg'), ('ROS_PYTHON_VERSION', '3'), ('GNOME_SHELL_SESSION_MODE', 'ubuntu'), ('GTK_MODULES', 'gail:atk-bridge'), ('SYSTEMD_EXEC_PID', '2185'), ('DBUS_SESSION_BUS_ADDRESS', 'unix:path=/run/user/1000/bus'), ('COLORTERM', 'truecolor'), ('COLCON_PREFIX_PATH', '/home/liv/helios_ws/install:/home/liv/41068_ws/install'), ('ROS_DISTRO', 'humble'), ('GTK_IM_MODULE', 'ibus'), ('LOGNAME', 'liv'), ('IGN_GUI_PLUGIN_PATH', '/usr/lib/x86_64-linux-gnu/ign-gui-6/plugins:'), ('_', '/usr/bin/colcon'), ('ROS_VERSION', '2'), ('XDG_SESSION_CLASS', 'user'), ('USERNAME', 'liv'), ('TERM', 'xterm-256color'), ('GNOME_DESKTOP_SESSION_ID', 'this-is-deprecated'), ('ROS_LOCALHOST_ONLY', '1'), ('WINDOWPATH', '2'), ('PATH', '/opt/ros/humble/bin:/home/liv/.local/bin:/usr/local/sbin:/usr/local/bin:/usr/sbin:/usr/bin:/sbin:/bin:/usr/games:/usr/local/games:/snap/bin:/snap/bin'), ('SESSION_MANAGER', 'local/raspberry:@/tmp/.ICE-unix/2157,unix/raspberry:/tmp/.ICE-unix/2157'), ('XDG_MENU_PREFIX', 'gnome-'), ('GNOME_TERMINAL_SCREEN', '/org/gnome/Terminal/screen/4b93bc42_28c5_449c_a183_96af38748d65'), ('XDG_RUNTIME_DIR', '/run/user/1000'), ('DISPLAY', ':0'), ('LANG', 'en_US.UTF-8'), ('XDG_CURRENT_DESKTOP', 'ubuntu:GNOME'), ('XMODIFIERS', '@im=ibus'), ('XDG_SESSION_DESKTOP', 'ubuntu-xorg'), ('XAUTHORITY', '/run/user/1000/gdm/Xauthority'), ('LS_COLORS', 'rs=0:di=01;34:ln=01;36:mh=00:pi=40;33:so=01;35:do=01;35:bd=40;33;01:cd=40;33;01:or=40;31;01:mi=00:su=37;41:sg=30;43:ca=30;41:tw=30;42:ow=34;42:st=37;44:ex=01;32:*.tar=01;31:*.tgz=01;31:*.arc=01;31:*.arj=01;31:*.taz=01;31:*.lha=01;31:*.lz4=01;31:*.lzh=01;31:*.lzma=01;31:*.tlz=01;31:*.txz=01;31:*.tzo=01;31:*.t7z=01;31:*.zip=01;31:*.z=01;31:*.dz=01;31:*.gz=01;31:*.lrz=01;31:*.lz=01;31:*.lzo=01;31:*.xz=01;31:*.zst=01;31:*.tzst=01;31:*.bz2=01;31:*.bz=01;31:*.tbz=01;31:*.tbz2=01;31:*.tz=01;31:*.deb=01;31:*.rpm=01;31:*.jar=01;31:*.war=01;31:*.ear=01;31:*.sar=01;31:*.rar=01;31:*.alz=01;31:*.ace=01;31:*.zoo=01;31:*.cpio=01;31:*.7z=01;31:*.rz=01;31:*.cab=01;31:*.wim=01;31:*.swm=01;31:*.dwm=01;31:*.esd=01;31:*.jpg=01;35:*.jpeg=01;35:*.mjpg=01;35:*.mjpeg=01;35:*.gif=01;35:*.bmp=01;35:*.pbm=01;35:*.pgm=01;35:*.ppm=01;35:*.tga=01;35:*.xbm=01;35:*.xpm=01;35:*.tif=01;35:*.tiff=01;35:*.png=01;35:*.svg=01;35:*.svgz=01;35:*.mng=01;35:*.pcx=01;35:*.mov=01;35:*.mpg=01;35:*.mpeg=01;35:*.m2v=01;35:*.mkv=01;35:*.webm=01;35:*.webp=01;35:*.ogm=01;35:*.mp4=01;35:*.m4v=01;35:*.mp4v=01;35:*.vob=01;35:*.qt=01;35:*.nuv=01;35:*.wmv=01;35:*.asf=01;35:*.rm=01;35:*.rmvb=01;35:*.flc=01;35:*.avi=01;35:*.fli=01;35:*.flv=01;35:*.gl=01;35:*.dl=01;35:*.xcf=01;35:*.xwd=01;35:*.yuv=01;35:*.cgm=01;35:*.emf=01;35:*.ogv=01;35:*.ogx=01;35:*.aac=00;36:*.au=00;36:*.flac=00;36:*.m4a=00;36:*.mid=00;36:*.midi=00;36:*.mka=00;36:*.mp3=00;36:*.mpc=00;36:*.ogg=00;36:*.ra=00;36:*.wav=00;36:*.oga=00;36:*.opus=00;36:*.spx=00;36:*.xspf=00;36:'), ('GNOME_TERMINAL_SERVICE', ':1.102'), ('SSH_AGENT_LAUNCHER', 'gnome-keyring'), ('SSH_AUTH_SOCK', '/run/user/1000/keyring/ssh'), ('AMENT_PREFIX_PATH', '/home/liv/argos_ws/src/install/ur_description:/home/liv/helios_ws/install/fire_sim:/home/liv/helios_ws/install/fire_sensors:/home/liv/helios_ws/install/fire_satellite:/home/liv/helios_ws/install/fire_drone:/home/liv/helios_ws/install/fire_autonomy:/home/liv/helios_ws/install/41068_ignition_bringup:/home/liv/41068_ws/install/41068_ignition_bringup:/opt/ros/humble'), ('SHELL', '/bin/bash'), ('QT_ACCESSIBILITY', '1'), ('GDMSESSION', 'ubuntu-xorg'), ('LESSCLOSE', '/usr/bin/lesspipe %s %s'), ('IGN_GAZEBO_RESOURCE_PATH', '/home/liv/rob1/helios_ws/src/helios_src/models:'), ('GPG_AGENT_INFO', '/run/user/1000/gnupg/S.gpg-agent:0:1'), ('QT_IM_MODULE', 'ibus'), ('PWD', '/home/liv/argos_ws/src/build/ur_simulation_gazebo'), ('LC_ALL', 'en_US.UTF-8'), ('XDG_CONFIG_DIRS', '/etc/xdg/xdg-ubuntu-xorg:/etc/xdg'), ('XDG_DATA_DIRS', '/usr/share/ubuntu-xorg:/usr/share/gnome:/usr/local/share/:/usr/share/:/var/lib/snapd/desktop'), ('PYTHONPATH', '/home/liv/helios_ws/install/fire_sim/lib/python3.10/site-packages:/opt/ros/humble/lib/python3.10/site-packages:/opt/ros/humble/local/lib/python3.10/dist-packages'), ('COLCON', '1'), ('VTE_VERSION', '6800'), ('CMAKE_PREFIX_PATH', '/home/liv/argos_ws/src/install/ur_description:/home/liv/helios_ws/install/fire_sensors:/home/liv/helios_ws/install/fire_satellite:/home/liv/helios_ws/install/fire_drone:/home/liv/helios_ws/install/fire_autonomy:/home/liv/helios_ws/install/41068_ignition_bringup:/home/liv/41068_ws/install/41068_ignition_bringup:/home/liv/helios_ws/install/fire_sim:/opt/ros/humble')]), 'shell': False}
[3.185023] (ur_simulation_gz) CommandEnded: {'returncode': 0}
[3.185300] (ur_simulation_gz) JobProgress: {'identifier': 'ur_simulation_gz', 'progress': 'build'}
[3.185522] (ur_simulation_gz) Command: {'cmd': ['/usr/bin/cmake', '--build', '/home/liv/argos_ws/src/build/ur_simulation_gz', '--', '-j24', '-l24'], 'cwd': '/home/liv/argos_ws/src/build/ur_simulation_gz', 'env': OrderedDict([('LESSOPEN', '| /usr/bin/lesspipe %s'), ('LANGUAGE', 'en_AU:en'), ('USER', 'liv'), ('XDG_SESSION_TYPE', 'x11'), ('SHLVL', '1'), ('LD_LIBRARY_PATH', '/opt/ros/humble/opt/rviz_ogre_vendor/lib:/opt/ros/humble/lib/x86_64-linux-gnu:/opt/ros/humble/lib'), ('HELIOS_MODELS', '/home/liv/rob1/helios_ws/src/helios_src/models'), ('HOME', '/home/liv'), ('OLDPWD', '/home/liv/argos_ws'), ('DESKTOP_SESSION', 'ubuntu-xorg'), ('ROS_PYTHON_VERSION', '3'), ('GNOME_SHELL_SESSION_MODE', 'ubuntu'), ('GTK_MODULES', 'gail:atk-bridge'), ('SYSTEMD_EXEC_PID', '2185'), ('DBUS_SESSION_BUS_ADDRESS', 'unix:path=/run/user/1000/bus'), ('COLORTERM', 'truecolor'), ('COLCON_PREFIX_PATH', '/home/liv/helios_ws/install:/home/liv/41068_ws/install'), ('ROS_DISTRO', 'humble'), ('GTK_IM_MODULE', 'ibus'), ('LOGNAME', 'liv'), ('IGN_GUI_PLUGIN_PATH', '/usr/lib/x86_64-linux-gnu/ign-gui-6/plugins:'), ('_', '/usr/bin/colcon'), ('ROS_VERSION', '2'), ('XDG_SESSION_CLASS', 'user'), ('USERNAME', 'liv'), ('TERM', 'xterm-256color'), ('GNOME_DESKTOP_SESSION_ID', 'this-is-deprecated'), ('ROS_LOCALHOST_ONLY', '1'), ('WINDOWPATH', '2'), ('PATH', '/opt/ros/humble/bin:/home/liv/.local/bin:/usr/local/sbin:/usr/local/bin:/usr/sbin:/usr/bin:/sbin:/bin:/usr/games:/usr/local/games:/snap/bin:/snap/bin'), ('SESSION_MANAGER', 'local/raspberry:@/tmp/.ICE-unix/2157,unix/raspberry:/tmp/.ICE-unix/2157'), ('XDG_MENU_PREFIX', 'gnome-'), ('GNOME_TERMINAL_SCREEN', '/org/gnome/Terminal/screen/4b93bc42_28c5_449c_a183_96af38748d65'), ('XDG_RUNTIME_DIR', '/run/user/1000'), ('DISPLAY', ':0'), ('LANG', 'en_US.UTF-8'), ('XDG_CURRENT_DESKTOP', 'ubuntu:GNOME'), ('XMODIFIERS', '@im=ibus'), ('XDG_SESSION_DESKTOP', 'ubuntu-xorg'), ('XAUTHORITY', '/run/user/1000/gdm/Xauthority'), ('LS_COLORS', 'rs=0:di=01;34:ln=01;36:mh=00:pi=40;33:so=01;35:do=01;35:bd=40;33;01:cd=40;33;01:or=40;31;01:mi=00:su=37;41:sg=30;43:ca=30;41:tw=30;42:ow=34;42:st=37;44:ex=01;32:*.tar=01;31:*.tgz=01;31:*.arc=01;31:*.arj=01;31:*.taz=01;31:*.lha=01;31:*.lz4=01;31:*.lzh=01;31:*.lzma=01;31:*.tlz=01;31:*.txz=01;31:*.tzo=01;31:*.t7z=01;31:*.zip=01;31:*.z=01;31:*.dz=01;31:*.gz=01;31:*.lrz=01;31:*.lz=01;31:*.lzo=01;31:*.xz=01;31:*.zst=01;31:*.tzst=01;31:*.bz2=01;31:*.bz=01;31:*.tbz=01;31:*.tbz2=01;31:*.tz=01;31:*.deb=01;31:*.rpm=01;31:*.jar=01;31:*.war=01;31:*.ear=01;31:*.sar=01;31:*.rar=01;31:*.alz=01;31:*.ace=01;31:*.zoo=01;31:*.cpio=01;31:*.7z=01;31:*.rz=01;31:*.cab=01;31:*.wim=01;31:*.swm=01;31:*.dwm=01;31:*.esd=01;31:*.jpg=01;35:*.jpeg=01;35:*.mjpg=01;35:*.mjpeg=01;35:*.gif=01;35:*.bmp=01;35:*.pbm=01;35:*.pgm=01;35:*.ppm=01;35:*.tga=01;35:*.xbm=01;35:*.xpm=01;35:*.tif=01;35:*.tiff=01;35:*.png=01;35:*.svg=01;35:*.svgz=01;35:*.mng=01;35:*.pcx=01;35:*.mov=01;35:*.mpg=01;35:*.mpeg=01;35:*.m2v=01;35:*.mkv=01;35:*.webm=01;35:*.webp=01;35:*.ogm=01;35:*.mp4=01;35:*.m4v=01;35:*.mp4v=01;35:*.vob=01;35:*.qt=01;35:*.nuv=01;35:*.wmv=01;35:*.asf=01;35:*.rm=01;35:*.rmvb=01;35:*.flc=01;35:*.avi=01;35:*.fli=01;35:*.flv=01;35:*.gl=01;35:*.dl=01;35:*.xcf=01;35:*.xwd=01;35:*.yuv=01;35:*.cgm=01;35:*.emf=01;35:*.ogv=01;35:*.ogx=01;35:*.aac=00;36:*.au=00;36:*.flac=00;36:*.m4a=00;36:*.mid=00;36:*.midi=00;36:*.mka=00;36:*.mp3=00;36:*.mpc=00;36:*.ogg=00;36:*.ra=00;36:*.wav=00;36:*.oga=00;36:*.opus=00;36:*.spx=00;36:*.xspf=00;36:'), ('GNOME_TERMINAL_SERVICE', ':1.102'), ('SSH_AGENT_LAUNCHER', 'gnome-keyring'), ('SSH_AUTH_SOCK', '/run/user/1000/keyring/ssh'), ('AMENT_PREFIX_PATH', '/home/liv/argos_ws/src/install/ur_description:/home/liv/helios_ws/install/fire_sim:/home/liv/helios_ws/install/fire_sensors:/home/liv/helios_ws/install/fire_satellite:/home/liv/helios_ws/install/fire_drone:/home/liv/helios_ws/install/fire_autonomy:/home/liv/helios_ws/install/41068_ignition_bringup:/home/liv/41068_ws/install/41068_ignition_bringup:/opt/ros/humble'), ('SHELL', '/bin/bash'), ('QT_ACCESSIBILITY', '1'), ('GDMSESSION', 'ubuntu-xorg'), ('LESSCLOSE', '/usr/bin/lesspipe %s %s'), ('IGN_GAZEBO_RESOURCE_PATH', '/home/liv/rob1/helios_ws/src/helios_src/models:'), ('GPG_AGENT_INFO', '/run/user/1000/gnupg/S.gpg-agent:0:1'), ('QT_IM_MODULE', 'ibus'), ('PWD', '/home/liv/argos_ws/src/build/ur_simulation_gz'), ('LC_ALL', 'en_US.UTF-8'), ('XDG_CONFIG_DIRS', '/etc/xdg/xdg-ubuntu-xorg:/etc/xdg'), ('XDG_DATA_DIRS', '/usr/share/ubuntu-xorg:/usr/share/gnome:/usr/local/share/:/usr/share/:/var/lib/snapd/desktop'), ('PYTHONPATH', '/home/liv/helios_ws/install/fire_sim/lib/python3.10/site-packages:/opt/ros/humble/lib/python3.10/site-packages:/opt/ros/humble/local/lib/python3.10/dist-packages'), ('COLCON', '1'), ('VTE_VERSION', '6800'), ('CMAKE_PREFIX_PATH', '/home/liv/argos_ws/src/install/ur_description:/home/liv/helios_ws/install/fire_sensors:/home/liv/helios_ws/install/fire_satellite:/home/liv/helios_ws/install/fire_drone:/home/liv/helios_ws/install/fire_autonomy:/home/liv/helios_ws/install/41068_ignition_bringup:/home/liv/41068_ws/install/41068_ignition_bringup:/home/liv/helios_ws/install/fire_sim:/opt/ros/humble')]), 'shell': False}
[3.204258] (-) TimerEvent: {}
[3.208131] (ur_simulation_gazebo) CommandEnded: {'returncode': 0}
[3.208679] (ur_simulation_gazebo) JobProgress: {'identifier': 'ur_simulation_gazebo', 'progress': 'install'}
[3.208943] (ur_simulation_gazebo) Command: {'cmd': ['/usr/bin/cmake', '--install', '/home/liv/argos_ws/src/build/ur_simulation_gazebo'], 'cwd': '/home/liv/argos_ws/src/build/ur_simulation_gazebo', 'env': OrderedDict([('LESSOPEN', '| /usr/bin/lesspipe %s'), ('LANGUAGE', 'en_AU:en'), ('USER', 'liv'), ('XDG_SESSION_TYPE', 'x11'), ('SHLVL', '1'), ('LD_LIBRARY_PATH', '/opt/ros/humble/opt/rviz_ogre_vendor/lib:/opt/ros/humble/lib/x86_64-linux-gnu:/opt/ros/humble/lib'), ('HELIOS_MODELS', '/home/liv/rob1/helios_ws/src/helios_src/models'), ('HOME', '/home/liv'), ('OLDPWD', '/home/liv/argos_ws'), ('DESKTOP_SESSION', 'ubuntu-xorg'), ('ROS_PYTHON_VERSION', '3'), ('GNOME_SHELL_SESSION_MODE', 'ubuntu'), ('GTK_MODULES', 'gail:atk-bridge'), ('SYSTEMD_EXEC_PID', '2185'), ('DBUS_SESSION_BUS_ADDRESS', 'unix:path=/run/user/1000/bus'), ('COLORTERM', 'truecolor'), ('COLCON_PREFIX_PATH', '/home/liv/helios_ws/install:/home/liv/41068_ws/install'), ('ROS_DISTRO', 'humble'), ('GTK_IM_MODULE', 'ibus'), ('LOGNAME', 'liv'), ('IGN_GUI_PLUGIN_PATH', '/usr/lib/x86_64-linux-gnu/ign-gui-6/plugins:'), ('_', '/usr/bin/colcon'), ('ROS_VERSION', '2'), ('XDG_SESSION_CLASS', 'user'), ('USERNAME', 'liv'), ('TERM', 'xterm-256color'), ('GNOME_DESKTOP_SESSION_ID', 'this-is-deprecated'), ('ROS_LOCALHOST_ONLY', '1'), ('WINDOWPATH', '2'), ('PATH', '/opt/ros/humble/bin:/home/liv/.local/bin:/usr/local/sbin:/usr/local/bin:/usr/sbin:/usr/bin:/sbin:/bin:/usr/games:/usr/local/games:/snap/bin:/snap/bin'), ('SESSION_MANAGER', 'local/raspberry:@/tmp/.ICE-unix/2157,unix/raspberry:/tmp/.ICE-unix/2157'), ('XDG_MENU_PREFIX', 'gnome-'), ('GNOME_TERMINAL_SCREEN', '/org/gnome/Terminal/screen/4b93bc42_28c5_449c_a183_96af38748d65'), ('XDG_RUNTIME_DIR', '/run/user/1000'), ('DISPLAY', ':0'), ('LANG', 'en_US.UTF-8'), ('XDG_CURRENT_DESKTOP', 'ubuntu:GNOME'), ('XMODIFIERS', '@im=ibus'), ('XDG_SESSION_DESKTOP', 'ubuntu-xorg'), ('XAUTHORITY', '/run/user/1000/gdm/Xauthority'), ('LS_COLORS', 'rs=0:di=01;34:ln=01;36:mh=00:pi=40;33:so=01;35:do=01;35:bd=40;33;01:cd=40;33;01:or=40;31;01:mi=00:su=37;41:sg=30;43:ca=30;41:tw=30;42:ow=34;42:st=37;44:ex=01;32:*.tar=01;31:*.tgz=01;31:*.arc=01;31:*.arj=01;31:*.taz=01;31:*.lha=01;31:*.lz4=01;31:*.lzh=01;31:*.lzma=01;31:*.tlz=01;31:*.txz=01;31:*.tzo=01;31:*.t7z=01;31:*.zip=01;31:*.z=01;31:*.dz=01;31:*.gz=01;31:*.lrz=01;31:*.lz=01;31:*.lzo=01;31:*.xz=01;31:*.zst=01;31:*.tzst=01;31:*.bz2=01;31:*.bz=01;31:*.tbz=01;31:*.tbz2=01;31:*.tz=01;31:*.deb=01;31:*.rpm=01;31:*.jar=01;31:*.war=01;31:*.ear=01;31:*.sar=01;31:*.rar=01;31:*.alz=01;31:*.ace=01;31:*.zoo=01;31:*.cpio=01;31:*.7z=01;31:*.rz=01;31:*.cab=01;31:*.wim=01;31:*.swm=01;31:*.dwm=01;31:*.esd=01;31:*.jpg=01;35:*.jpeg=01;35:*.mjpg=01;35:*.mjpeg=01;35:*.gif=01;35:*.bmp=01;35:*.pbm=01;35:*.pgm=01;35:*.ppm=01;35:*.tga=01;35:*.xbm=01;35:*.xpm=01;35:*.tif=01;35:*.tiff=01;35:*.png=01;35:*.svg=01;35:*.svgz=01;35:*.mng=01;35:*.pcx=01;35:*.mov=01;35:*.mpg=01;35:*.mpeg=01;35:*.m2v=01;35:*.mkv=01;35:*.webm=01;35:*.webp=01;35:*.ogm=01;35:*.mp4=01;35:*.m4v=01;35:*.mp4v=01;35:*.vob=01;35:*.qt=01;35:*.nuv=01;35:*.wmv=01;35:*.asf=01;35:*.rm=01;35:*.rmvb=01;35:*.flc=01;35:*.avi=01;35:*.fli=01;35:*.flv=01;35:*.gl=01;35:*.dl=01;35:*.xcf=01;35:*.xwd=01;35:*.yuv=01;35:*.cgm=01;35:*.emf=01;35:*.ogv=01;35:*.ogx=01;35:*.aac=00;36:*.au=00;36:*.flac=00;36:*.m4a=00;36:*.mid=00;36:*.midi=00;36:*.mka=00;36:*.mp3=00;36:*.mpc=00;36:*.ogg=00;36:*.ra=00;36:*.wav=00;36:*.oga=00;36:*.opus=00;36:*.spx=00;36:*.xspf=00;36:'), ('GNOME_TERMINAL_SERVICE', ':1.102'), ('SSH_AGENT_LAUNCHER', 'gnome-keyring'), ('SSH_AUTH_SOCK', '/run/user/1000/keyring/ssh'), ('AMENT_PREFIX_PATH', '/home/liv/argos_ws/src/install/ur_description:/home/liv/helios_ws/install/fire_sim:/home/liv/helios_ws/install/fire_sensors:/home/liv/helios_ws/install/fire_satellite:/home/liv/helios_ws/install/fire_drone:/home/liv/helios_ws/install/fire_autonomy:/home/liv/helios_ws/install/41068_ignition_bringup:/home/liv/41068_ws/install/41068_ignition_bringup:/opt/ros/humble'), ('SHELL', '/bin/bash'), ('QT_ACCESSIBILITY', '1'), ('GDMSESSION', 'ubuntu-xorg'), ('LESSCLOSE', '/usr/bin/lesspipe %s %s'), ('IGN_GAZEBO_RESOURCE_PATH', '/home/liv/rob1/helios_ws/src/helios_src/models:'), ('GPG_AGENT_INFO', '/run/user/1000/gnupg/S.gpg-agent:0:1'), ('QT_IM_MODULE', 'ibus'), ('PWD', '/home/liv/argos_ws/src/build/ur_simulation_gazebo'), ('LC_ALL', 'en_US.UTF-8'), ('XDG_CONFIG_DIRS', '/etc/xdg/xdg-ubuntu-xorg:/etc/xdg'), ('XDG_DATA_DIRS', '/usr/share/ubuntu-xorg:/usr/share/gnome:/usr/local/share/:/usr/share/:/var/lib/snapd/desktop'), ('PYTHONPATH', '/home/liv/helios_ws/install/fire_sim/lib/python3.10/site-packages:/opt/ros/humble/lib/python3.10/site-packages:/opt/ros/humble/local/lib/python3.10/dist-packages'), ('COLCON', '1'), ('VTE_VERSION', '6800'), ('CMAKE_PREFIX_PATH', '/home/liv/argos_ws/src/install/ur_description:/home/liv/helios_ws/install/fire_sensors:/home/liv/helios_ws/install/fire_satellite:/home/liv/helios_ws/install/fire_drone:/home/liv/helios_ws/install/fire_autonomy:/home/liv/helios_ws/install/41068_ignition_bringup:/home/liv/41068_ws/install/41068_ignition_bringup:/home/liv/helios_ws/install/fire_sim:/opt/ros/humble')]), 'shell': False}
[3.210222] (ur_simulation_gz) CommandEnded: {'returncode': 0}
[3.210609] (ur_simulation_gz) JobProgress: {'identifier': 'ur_simulation_gz', 'progress': 'install'}
[3.210807] (ur_simulation_gz) Command: {'cmd': ['/usr/bin/cmake', '--install', '/home/liv/argos_ws/src/build/ur_simulation_gz'], 'cwd': '/home/liv/argos_ws/src/build/ur_simulation_gz', 'env': OrderedDict([('LESSOPEN', '| /usr/bin/lesspipe %s'), ('LANGUAGE', 'en_AU:en'), ('USER', 'liv'), ('XDG_SESSION_TYPE', 'x11'), ('SHLVL', '1'), ('LD_LIBRARY_PATH', '/opt/ros/humble/opt/rviz_ogre_vendor/lib:/opt/ros/humble/lib/x86_64-linux-gnu:/opt/ros/humble/lib'), ('HELIOS_MODELS', '/home/liv/rob1/helios_ws/src/helios_src/models'), ('HOME', '/home/liv'), ('OLDPWD', '/home/liv/argos_ws'), ('DESKTOP_SESSION', 'ubuntu-xorg'), ('ROS_PYTHON_VERSION', '3'), ('GNOME_SHELL_SESSION_MODE', 'ubuntu'), ('GTK_MODULES', 'gail:atk-bridge'), ('SYSTEMD_EXEC_PID', '2185'), ('DBUS_SESSION_BUS_ADDRESS', 'unix:path=/run/user/1000/bus'), ('COLORTERM', 'truecolor'), ('COLCON_PREFIX_PATH', '/home/liv/helios_ws/install:/home/liv/41068_ws/install'), ('ROS_DISTRO', 'humble'), ('GTK_IM_MODULE', 'ibus'), ('LOGNAME', 'liv'), ('IGN_GUI_PLUGIN_PATH', '/usr/lib/x86_64-linux-gnu/ign-gui-6/plugins:'), ('_', '/usr/bin/colcon'), ('ROS_VERSION', '2'), ('XDG_SESSION_CLASS', 'user'), ('USERNAME', 'liv'), ('TERM', 'xterm-256color'), ('GNOME_DESKTOP_SESSION_ID', 'this-is-deprecated'), ('ROS_LOCALHOST_ONLY', '1'), ('WINDOWPATH', '2'), ('PATH', '/opt/ros/humble/bin:/home/liv/.local/bin:/usr/local/sbin:/usr/local/bin:/usr/sbin:/usr/bin:/sbin:/bin:/usr/games:/usr/local/games:/snap/bin:/snap/bin'), ('SESSION_MANAGER', 'local/raspberry:@/tmp/.ICE-unix/2157,unix/raspberry:/tmp/.ICE-unix/2157'), ('XDG_MENU_PREFIX', 'gnome-'), ('GNOME_TERMINAL_SCREEN', '/org/gnome/Terminal/screen/4b93bc42_28c5_449c_a183_96af38748d65'), ('XDG_RUNTIME_DIR', '/run/user/1000'), ('DISPLAY', ':0'), ('LANG', 'en_US.UTF-8'), ('XDG_CURRENT_DESKTOP', 'ubuntu:GNOME'), ('XMODIFIERS', '@im=ibus'), ('XDG_SESSION_DESKTOP', 'ubuntu-xorg'), ('XAUTHORITY', '/run/user/1000/gdm/Xauthority'), ('LS_COLORS', 'rs=0:di=01;34:ln=01;36:mh=00:pi=40;33:so=01;35:do=01;35:bd=40;33;01:cd=40;33;01:or=40;31;01:mi=00:su=37;41:sg=30;43:ca=30;41:tw=30;42:ow=34;42:st=37;44:ex=01;32:*.tar=01;31:*.tgz=01;31:*.arc=01;31:*.arj=01;31:*.taz=01;31:*.lha=01;31:*.lz4=01;31:*.lzh=01;31:*.lzma=01;31:*.tlz=01;31:*.txz=01;31:*.tzo=01;31:*.t7z=01;31:*.zip=01;31:*.z=01;31:*.dz=01;31:*.gz=01;31:*.lrz=01;31:*.lz=01;31:*.lzo=01;31:*.xz=01;31:*.zst=01;31:*.tzst=01;31:*.bz2=01;31:*.bz=01;31:*.tbz=01;31:*.tbz2=01;31:*.tz=01;31:*.deb=01;31:*.rpm=01;31:*.jar=01;31:*.war=01;31:*.ear=01;31:*.sar=01;31:*.rar=01;31:*.alz=01;31:*.ace=01;31:*.zoo=01;31:*.cpio=01;31:*.7z=01;31:*.rz=01;31:*.cab=01;31:*.wim=01;31:*.swm=01;31:*.dwm=01;31:*.esd=01;31:*.jpg=01;35:*.jpeg=01;35:*.mjpg=01;35:*.mjpeg=01;35:*.gif=01;35:*.bmp=01;35:*.pbm=01;35:*.pgm=01;35:*.ppm=01;35:*.tga=01;35:*.xbm=01;35:*.xpm=01;35:*.tif=01;35:*.tiff=01;35:*.png=01;35:*.svg=01;35:*.svgz=01;35:*.mng=01;35:*.pcx=01;35:*.mov=01;35:*.mpg=01;35:*.mpeg=01;35:*.m2v=01;35:*.mkv=01;35:*.webm=01;35:*.webp=01;35:*.ogm=01;35:*.mp4=01;35:*.m4v=01;35:*.mp4v=01;35:*.vob=01;35:*.qt=01;35:*.nuv=01;35:*.wmv=01;35:*.asf=01;35:*.rm=01;35:*.rmvb=01;35:*.flc=01;35:*.avi=01;35:*.fli=01;35:*.flv=01;35:*.gl=01;35:*.dl=01;35:*.xcf=01;35:*.xwd=01;35:*.yuv=01;35:*.cgm=01;35:*.emf=01;35:*.ogv=01;35:*.ogx=01;35:*.aac=00;36:*.au=00;36:*.flac=00;36:*.m4a=00;36:*.mid=00;36:*.midi=00;36:*.mka=00;36:*.mp3=00;36:*.mpc=00;36:*.ogg=00;36:*.ra=00;36:*.wav=00;36:*.oga=00;36:*.opus=00;36:*.spx=00;36:*.xspf=00;36:'), ('GNOME_TERMINAL_SERVICE', ':1.102'), ('SSH_AGENT_LAUNCHER', 'gnome-keyring'), ('SSH_AUTH_SOCK', '/run/user/1000/keyring/ssh'), ('AMENT_PREFIX_PATH', '/home/liv/argos_ws/src/install/ur_description:/home/liv/helios_ws/install/fire_sim:/home/liv/helios_ws/install/fire_sensors:/home/liv/helios_ws/install/fire_satellite:/home/liv/helios_ws/install/fire_drone:/home/liv/helios_ws/install/fire_autonomy:/home/liv/helios_ws/install/41068_ignition_bringup:/home/liv/41068_ws/install/41068_ignition_bringup:/opt/ros/humble'), ('SHELL', '/bin/bash'), ('QT_ACCESSIBILITY', '1'), ('GDMSESSION', 'ubuntu-xorg'), ('LESSCLOSE', '/usr/bin/lesspipe %s %s'), ('IGN_GAZEBO_RESOURCE_PATH', '/home/liv/rob1/helios_ws/src/helios_src/models:'), ('GPG_AGENT_INFO', '/run/user/1000/gnupg/S.gpg-agent:0:1'), ('QT_IM_MODULE', 'ibus'), ('PWD', '/home/liv/argos_ws/src/build/ur_simulation_gz'), ('LC_ALL', 'en_US.UTF-8'), ('XDG_CONFIG_DIRS', '/etc/xdg/xdg-ubuntu-xorg:/etc/xdg'), ('XDG_DATA_DIRS', '/usr/share/ubuntu-xorg:/usr/share/gnome:/usr/local/share/:/usr/share/:/var/lib/snapd/desktop'), ('PYTHONPATH', '/home/liv/helios_ws/install/fire_sim/lib/python3.10/site-packages:/opt/ros/humble/lib/python3.10/site-packages:/opt/ros/humble/local/lib/python3.10/dist-packages'), ('COLCON', '1'), ('VTE_VERSION', '6800'), ('CMAKE_PREFIX_PATH', '/home/liv/argos_ws/src/install/ur_description:/home/liv/helios_ws/install/fire_sensors:/home/liv/helios_ws/install/fire_satellite:/home/liv/helios_ws/install/fire_drone:/home/liv/helios_ws/install/fire_autonomy:/home/liv/helios_ws/install/41068_ignition_bringup:/home/liv/41068_ws/install/41068_ignition_bringup:/home/liv/helios_ws/install/fire_sim:/opt/ros/humble')]), 'shell': False}
[3.214402] (ur_simulation_gazebo) StdoutLine: {'line': b'-- Install configuration: ""\n'}
[3.214861] (ur_simulation_gazebo) StdoutLine: {'line': b'-- Execute custom install script\n'}
[3.214954] (ur_simulation_gazebo) StdoutLine: {'line': b'-- Symlinking: /home/liv/argos_ws/src/install/ur_simulation_gazebo/share/ur_simulation_gazebo/config/ur_controllers.yaml\n'}
[3.216061] (ur_simulation_gz) StdoutLine: {'line': b'-- Install configuration: ""\n'}
[3.216471] (ur_simulation_gz) StdoutLine: {'line': b'-- Execute custom install script\n'}
[3.216838] (ur_simulation_gz) StdoutLine: {'line': b'-- Symlinking: /home/liv/argos_ws/src/install/ur_simulation_gz/share/ur_simulation_gz/config/ur_controllers.yaml\n'}
[3.221110] (ur_simulation_gazebo) StdoutLine: {'line': b'-- Symlinking: /home/liv/argos_ws/src/install/ur_simulation_gazebo/share/ur_simulation_gazebo/launch/ur_sim_control.launch.py\n'}
[3.223012] (ur_simulation_gz) StdoutLine: {'line': b'-- Symlinking: /home/liv/argos_ws/src/install/ur_simulation_gz/share/ur_simulation_gz/launch/ur_sim_control.launch.py\n'}
[3.225950] (ur_simulation_gazebo) StdoutLine: {'line': b'-- Symlinking: /home/liv/argos_ws/src/install/ur_simulation_gazebo/share/ur_simulation_gazebo/launch/ur_sim_moveit.launch.py\n'}
[3.227045] (ur_simulation_gz) StdoutLine: {'line': b'-- Symlinking: /home/liv/argos_ws/src/install/ur_simulation_gz/share/ur_simulation_gz/launch/ur_sim_moveit.launch.py\n'}
[3.231269] (ur_simulation_gazebo) StdoutLine: {'line': b'-- Symlinking: /home/liv/argos_ws/src/install/ur_simulation_gazebo/share/ament_index/resource_index/package_run_dependencies/ur_simulation_gazebo\n'}
[3.231952] (ur_simulation_gz) StdoutLine: {'line': b'-- Symlinking: /home/liv/argos_ws/src/install/ur_simulation_gz/share/ament_index/resource_index/package_run_dependencies/ur_simulation_gz\n'}
[3.237359] (ur_simulation_gazebo) StdoutLine: {'line': b'-- Symlinking: /home/liv/argos_ws/src/install/ur_simulation_gazebo/share/ament_index/resource_index/parent_prefix_path/ur_simulation_gazebo\n'}
[3.237935] (ur_simulation_gz) StdoutLine: {'line': b'-- Symlinking: /home/liv/argos_ws/src/install/ur_simulation_gz/share/ament_index/resource_index/parent_prefix_path/ur_simulation_gz\n'}
[3.241570] (ur_simulation_gazebo) StdoutLine: {'line': b'-- Symlinking: /home/liv/argos_ws/src/install/ur_simulation_gazebo/share/ur_simulation_gazebo/environment/ament_prefix_path.sh\n'}
[3.243774] (ur_simulation_gz) StdoutLine: {'line': b'-- Symlinking: /home/liv/argos_ws/src/install/ur_simulation_gz/share/ur_simulation_gz/environment/ament_prefix_path.sh\n'}
[3.247161] (ur_simulation_gazebo) StdoutLine: {'line': b'-- Symlinking: /home/liv/argos_ws/src/install/ur_simulation_gazebo/share/ur_simulation_gazebo/environment/ament_prefix_path.dsv\n'}
[3.249647] (ur_simulation_gz) StdoutLine: {'line': b'-- Symlinking: /home/liv/argos_ws/src/install/ur_simulation_gz/share/ur_simulation_gz/environment/ament_prefix_path.dsv\n'}
[3.252066] (ur_simulation_gazebo) StdoutLine: {'line': b'-- Symlinking: /home/liv/argos_ws/src/install/ur_simulation_gazebo/share/ur_simulation_gazebo/environment/path.sh\n'}
[3.256244] (ur_simulation_gz) StdoutLine: {'line': b'-- Symlinking: /home/liv/argos_ws/src/install/ur_simulation_gz/share/ur_simulation_gz/environment/path.sh\n'}
[3.256912] (ur_simulation_gazebo) StdoutLine: {'line': b'-- Symlinking: /home/liv/argos_ws/src/install/ur_simulation_gazebo/share/ur_simulation_gazebo/environment/path.dsv\n'}
[3.262880] (ur_simulation_gz) StdoutLine: {'line': b'-- Symlinking: /home/liv/argos_ws/src/install/ur_simulation_gz/share/ur_simulation_gz/environment/path.dsv\n'}
[3.263030] (ur_simulation_gazebo) StdoutLine: {'line': b'-- Symlinking: /home/liv/argos_ws/src/install/ur_simulation_gazebo/share/ur_simulation_gazebo/local_setup.bash\n'}
[3.269079] (ur_simulation_gazebo) StdoutLine: {'line': b'-- Symlinking: /home/liv/argos_ws/src/install/ur_simulation_gazebo/share/ur_simulation_gazebo/local_setup.sh\n'}
[3.269175] (ur_simulation_gz) StdoutLine: {'line': b'-- Symlinking: /home/liv/argos_ws/src/install/ur_simulation_gz/share/ur_simulation_gz/local_setup.bash\n'}
[3.273756] (cone_inspection) StdoutLine: {'line': b'running develop\n'}
[3.274102] (ur_simulation_gazebo) StdoutLine: {'line': b'-- Symlinking: /home/liv/argos_ws/src/install/ur_simulation_gazebo/share/ur_simulation_gazebo/local_setup.zsh\n'}
[3.274206] (ur_simulation_gz) StdoutLine: {'line': b'-- Symlinking: /home/liv/argos_ws/src/install/ur_simulation_gz/share/ur_simulation_gz/local_setup.sh\n'}
[3.279654] (ur_simulation_gazebo) StdoutLine: {'line': b'-- Symlinking: /home/liv/argos_ws/src/install/ur_simulation_gazebo/share/ur_simulation_gazebo/local_setup.dsv\n'}
[3.280617] (ur_simulation_gz) StdoutLine: {'line': b'-- Symlinking: /home/liv/argos_ws/src/install/ur_simulation_gz/share/ur_simulation_gz/local_setup.zsh\n'}
[3.285747] (ur_simulation_gazebo) StdoutLine: {'line': b'-- Symlinking: /home/liv/argos_ws/src/install/ur_simulation_gazebo/share/ur_simulation_gazebo/package.dsv\n'}
[3.286357] (ur_simulation_gz) StdoutLine: {'line': b'-- Symlinking: /home/liv/argos_ws/src/install/ur_simulation_gz/share/ur_simulation_gz/local_setup.dsv\n'}
[3.290185] (ur_simulation_gazebo) StdoutLine: {'line': b'-- Symlinking: /home/liv/argos_ws/src/install/ur_simulation_gazebo/share/ament_index/resource_index/packages/ur_simulation_gazebo\n'}
[3.292207] (ur_simulation_gz) StdoutLine: {'line': b'-- Symlinking: /home/liv/argos_ws/src/install/ur_simulation_gz/share/ur_simulation_gz/package.dsv\n'}
[3.295898] (ur_simulation_gazebo) StdoutLine: {'line': b'-- Symlinking: /home/liv/argos_ws/src/install/ur_simulation_gazebo/share/ur_simulation_gazebo/cmake/ur_simulation_gazeboConfig.cmake\n'}
[3.297495] (ur_simulation_gz) StdoutLine: {'line': b'-- Symlinking: /home/liv/argos_ws/src/install/ur_simulation_gz/share/ament_index/resource_index/packages/ur_simulation_gz\n'}
[3.301585] (ur_simulation_gazebo) StdoutLine: {'line': b'-- Symlinking: /home/liv/argos_ws/src/install/ur_simulation_gazebo/share/ur_simulation_gazebo/cmake/ur_simulation_gazeboConfig-version.cmake\n'}
[3.303461] (ur_simulation_gz) StdoutLine: {'line': b'-- Symlinking: /home/liv/argos_ws/src/install/ur_simulation_gz/share/ur_simulation_gz/cmake/ur_simulation_gzConfig.cmake\n'}
[3.304407] (-) TimerEvent: {}
[3.307467] (ur_simulation_gazebo) StdoutLine: {'line': b'-- Symlinking: /home/liv/argos_ws/src/install/ur_simulation_gazebo/share/ur_simulation_gazebo/package.xml\n'}
[3.309195] (ur_simulation_gz) StdoutLine: {'line': b'-- Symlinking: /home/liv/argos_ws/src/install/ur_simulation_gz/share/ur_simulation_gz/cmake/ur_simulation_gzConfig-version.cmake\n'}
[3.314516] (ur_simulation_gz) StdoutLine: {'line': b'-- Symlinking: /home/liv/argos_ws/src/install/ur_simulation_gz/share/ur_simulation_gz/package.xml\n'}
[3.314644] (ur_simulation_gazebo) CommandEnded: {'returncode': 0}
[3.320720] (ur_simulation_gazebo) JobEnded: {'identifier': 'ur_simulation_gazebo', 'rc': 0}
[3.321496] (ur_simulation_gz) CommandEnded: {'returncode': 0}
[3.326626] (ur_simulation_gz) JobEnded: {'identifier': 'ur_simulation_gz', 'rc': 0}
[3.354566] (cone_inspection) StdoutLine: {'line': b'running egg_info\n'}
[3.354851] (cone_inspection) StdoutLine: {'line': b'creating cone_inspection.egg-info\n'}
[3.354924] (cone_inspection) StdoutLine: {'line': b'writing cone_inspection.egg-info/PKG-INFO\n'}
[3.354979] (cone_inspection) StdoutLine: {'line': b'writing dependency_links to cone_inspection.egg-info/dependency_links.txt\n'}
[3.355032] (cone_inspection) StdoutLine: {'line': b'writing entry points to cone_inspection.egg-info/entry_points.txt\n'}
[3.355083] (cone_inspection) StdoutLine: {'line': b'writing requirements to cone_inspection.egg-info/requires.txt\n'}
[3.355133] (cone_inspection) StdoutLine: {'line': b'writing top-level names to cone_inspection.egg-info/top_level.txt\n'}
[3.355182] (cone_inspection) StdoutLine: {'line': b"writing manifest file 'cone_inspection.egg-info/SOURCES.txt'\n"}
[3.355521] (cone_inspection) StdoutLine: {'line': b"reading manifest file 'cone_inspection.egg-info/SOURCES.txt'\n"}
[3.355773] (cone_inspection) StdoutLine: {'line': b"writing manifest file 'cone_inspection.egg-info/SOURCES.txt'\n"}
[3.356303] (cone_inspection) StdoutLine: {'line': b'running build_ext\n'}
[3.356383] (cone_inspection) StdoutLine: {'line': b'Creating /home/liv/argos_ws/src/install/cone_inspection/lib/python3.10/site-packages/cone-inspection.egg-link (link to .)\n'}
[3.356692] (cone_inspection) StdoutLine: {'line': b'\n'}
[3.356769] (cone_inspection) StdoutLine: {'line': b'Installed /home/liv/argos_ws/src/build/cone_inspection\n'}
[3.356825] (cone_inspection) StdoutLine: {'line': b'running symlink_data\n'}
[3.356968] (cone_inspection) StdoutLine: {'line': b'creating /home/liv/argos_ws/src/install/cone_inspection/share/ament_index\n'}
[3.357043] (cone_inspection) StdoutLine: {'line': b'creating /home/liv/argos_ws/src/install/cone_inspection/share/ament_index/resource_index\n'}
[3.357099] (cone_inspection) StdoutLine: {'line': b'creating /home/liv/argos_ws/src/install/cone_inspection/share/ament_index/resource_index/packages\n'}
[3.357158] (cone_inspection) StdoutLine: {'line': b'symbolically linking /home/liv/argos_ws/src/build/cone_inspection/resource/cone_inspection -> /home/liv/argos_ws/src/install/cone_inspection/share/ament_index/resource_index/packages\n'}
[3.357215] (cone_inspection) StdoutLine: {'line': b'symbolically linking /home/liv/argos_ws/src/build/cone_inspection/package.xml -> /home/liv/argos_ws/src/install/cone_inspection/share/cone_inspection\n'}
[3.357271] (cone_inspection) StdoutLine: {'line': b'creating /home/liv/argos_ws/src/install/cone_inspection/share/cone_inspection/launch\n'}
[3.357320] (cone_inspection) StdoutLine: {'line': b'symbolically linking /home/liv/argos_ws/src/build/cone_inspection/launch/demo.launch.py -> /home/liv/argos_ws/src/install/cone_inspection/share/cone_inspection/launch\n'}
[3.357370] (cone_inspection) StdoutLine: {'line': b'creating /home/liv/argos_ws/src/install/cone_inspection/share/cone_inspection/urdf\n'}
[3.357418] (cone_inspection) StdoutLine: {'line': b'symbolically linking /home/liv/argos_ws/src/build/cone_inspection/urdf/ur3_cell.urdf.xacro -> /home/liv/argos_ws/src/install/cone_inspection/share/cone_inspection/urdf\n'}
[3.357467] (cone_inspection) StdoutLine: {'line': b'creating /home/liv/argos_ws/src/install/cone_inspection/share/cone_inspection/rviz\n'}
[3.357515] (cone_inspection) StdoutLine: {'line': b'symbolically linking /home/liv/argos_ws/src/build/cone_inspection/rviz/demo.rviz -> /home/liv/argos_ws/src/install/cone_inspection/share/cone_inspection/rviz\n'}
[3.367768] (cone_inspection) CommandEnded: {'returncode': 0}
[3.372634] (cone_inspection) JobEnded: {'identifier': 'cone_inspection', 'rc': 0}
[3.373003] (-) EventReactorShutdown: {}
